Accession,suppdata_id,Type,pi0,Type_after_filter,pi0_after_filter
GSE100245,GSE100245_gene_exp-proc.diff.txt.gz,anti-conservative,0.572831163415824,NA,NA
GSE100355,GSE100355_Diff_mcPC_VSMC.txt.gz,anti-conservative,0.26491142602179873,anti-conservative,0.11397226206998706
GSE100414,GSE100414_DN345_KK43_DESeq2.txt.gz,anti-conservative,0.5620168227625434,anti-conservative,0.32463838782029764
GSE100578,GSE100578_jmjc_vs_WT.txt.gz,anti-conservative,0.7048032894712041,NA,NA
GSE100578,GSE100578_A512P_vs_WT.txt.gz,anti-conservative,0.7765954860794038,NA,NA
GSE100990,GSE100990_RNA_Seq_Nr4a1_CDKO_HSC_DESeq2_output.txt.gz,anti-conservative,0.4076164432493264,anti-conservative,0.21662575882066806
GSE101142,GSE101142_Supplemental_table_1.txt.gz-set-0,anti-conservative,0.5421171544218732,anti-conservative,0.44537668846818873
GSE101142,GSE101142_Supplemental_table_1.txt.gz-set-1,anti-conservative,0.5842251894709839,anti-conservative,0.5003967101982091
GSE101142,GSE101142_Supplemental_table_1.txt.gz-set-2,anti-conservative,0.4759386596966124,anti-conservative,0.27653037637106337
GSE101157,GSE101157_LargeRNA.shL1.100hrs.293T.xlsx.gz,anti-conservative,0.5644976436820963,NA,NA
GSE101167,GSE101167_LargeRNA.siL3-IDT_Dharmacon.48hrs.HeyA8.xlsx.gz-set-0,anti-conservative,0.5426535799021491,NA,NA
GSE101167,GSE101167_LargeRNA.siL3-IDT_Dharmacon.48hrs.HeyA8.xlsx.gz-set-1,anti-conservative,0.5823454643824015,NA,NA
GSE101234,GSE101234_LargeRNA.shL3.50_100hrs.293T.shR6.50_100hrs.HeyA8.xlsx.gz-set-0,anti-conservative,0.7716805388710912,NA,NA
GSE101234,GSE101234_LargeRNA.shL3.50_100hrs.293T.shR6.50_100hrs.HeyA8.xlsx.gz-set-1,anti-conservative,0.7637417009066768,NA,NA
GSE101342,GSE101342_All_Genes_LincDUSP_V481_cells_DESeq2.csv.gz,anti-conservative,0.45691026444424515,anti-conservative,0.20188197177161227
GSE101342,GSE101342_All_Genes_LincDUSP_V703_cells_DESeq2.csv.gz,anti-conservative,0.5968717954205597,anti-conservative,0.3704916457527643
GSE101480,GSE101480_Group370_vs_GroupCtrl.all.gene.result.txt.gz,anti-conservative,0.43286911285940055,NA,NA
GSE101596,GSE101596_S14203_genesdiff_wo5.xlsx,anti-conservative,0.5121630116079197,NA,NA
GSE101898,GSE101898_Galaxy122-_CellXtype_QKO_vs_QT7_.tabular.txt.gz,anti-conservative,0.8408779274956321,NA,NA
GSE101939,GSE101939_WT_E16_H2ZKO_E16.anno.txt.gz,anti-conservative,0.8191733093527268,NA,NA
GSE101996,GSE101996_bfx319.2month.table1.csv.gz,anti-conservative,0.8967168860930946,anti-conservative,0.8224641845546676
GSE102060,GSE102060_BPA_vs_Control.txt.gz,anti-conservative,0.7179649480009823,NA,NA
GSE102300,GSE102300_diffexpr-results.csv.gz,anti-conservative,0.6629852338385213,anti-conservative,0.3521435109770739
GSE102369,GSE102369_deseq_differential_expression_results.txt.gz,anti-conservative,0.6860303663202553,NA,NA
GSE102474,GSE102474_RNA_DESeq2.tsv.gz,anti-conservative,0.7652895923840565,NA,NA
GSE102531,GSE102531_DE2output-280116.xlsx.gz-set-2,anti-conservative,0.5325675615940797,NA,NA
GSE102531,GSE102531_DE2output-280116.xlsx.gz-set-3,anti-conservative,0.5397603328301254,NA,NA
GSE102546,GSE102546_deseq2.results.csv.gz,anti-conservative,0.8821273121171463,NA,NA
GSE102595,GSE102595_SupplementalTable_Expression_and_SplicingChanges.xlsx-sheet-Splicing_allDEXseq3rep3cond,anti-conservative,0.961990885416992,NA,NA
GSE102793,GSE102793_deseq2_genes.tsv.gz,anti-conservative,0.5481130196905458,anti-conservative,0.3561454959939156
GSE102842,GSE102842_Input_gfp-La_WT_vs_RNA_IP_gfp-La_WT.txt.gz,anti-conservative,0.6696434076595327,NA,NA
GSE102872,GSE102872_DESeq_12h_vs_0h.csv.gz,anti-conservative,0.881313583694336,anti-conservative,0.8348308724000576
GSE102872,GSE102872_DESeq_12h_vs_3h.csv.gz,anti-conservative,0.9003968334499222,anti-conservative,0.8237851478708347
GSE102872,GSE102872_DESeq_3h_vs_0h.csv.gz,anti-conservative,0.8517949361910204,anti-conservative,0.7827246881918709
GSE103400,GSE103400_HNC3-_vs_+.txt.gz,anti-conservative,0.8419651167974407,NA,NA
GSE103405,GSE103405_Table_S1.xlsx,anti-conservative,0.5111242798774867,anti-conservative,0.4673071301052267
GSE103415,GSE103415_DESeq2_genes_diffexp_by_fc_wildtype_vs_knockout.xls.gz,anti-conservative,0.420029668061264,anti-conservative,0.36149953078502206
GSE103537,GSE103537_CD4low_GSE71645_diff.txt.gz,anti-conservative,0.33311379721077183,anti-conservative,0.1390301887281392
GSE103868,GSE103868_DESeq2_Results_01_MockTransfected_Vs_Untransfected.txt.gz,anti-conservative,0.5455586055741919,anti-conservative,0.1813223117968543
GSE104049,GSE104049_DESeq2.GMC3hvsNB3h.xlsx,anti-conservative,0.8029477427475276,NA,NA
GSE104049,GSE104049_DESeq2.GMC5hvsNB5h.xlsx,anti-conservative,0.7273459000140855,NA,NA
GSE104049,GSE104049_DESeq2.GMC90mvsNB90m.xlsx,anti-conservative,0.7888268137071549,NA,NA
GSE104065,GSE104065_NSCs_E12KOvsWt_DESeq.txt.gz,anti-conservative,0.9011567384009919,anti-conservative,0.8916545919281272
GSE104415,GSE104415_processed.csv.gz,anti-conservative,0.5273956009681057,anti-conservative,0.38996214478475616
GSE104560,GSE104560_Emerin_null_differentiaton_day_0_to_1_transition.diff.gz,anti-conservative,0.8579020927204621,NA,NA
GSE104560,GSE104560_Emerin_null_differentiaton_day_1_to_2_transition.diff.gz,anti-conservative,0.9898809725846406,NA,NA
GSE104560,GSE104560_Emerin_null_proliferation_vs_day_1_differentiation.diff.gz,anti-conservative,0.8918145986079418,NA,NA
GSE104560,GSE104560_Emerin_null_proliferation_vs_day_2_differentiation.diff.gz,anti-conservative,0.683595062866098,NA,NA
GSE104560,GSE104560_Emerin_null_proliferation_vs_day_3_differentiation.diff.gz,anti-conservative,0.645556534833883,NA,NA
GSE104560,GSE104560_Emerin_null_proliferation_vs_day_4_differentiation.diff.gz,anti-conservative,0.6023168092626348,NA,NA
GSE104560,GSE104560_WT_differentiation_day_0_to_1_transition.diff.gz,anti-conservative,0.9260543200364233,NA,NA
GSE104560,GSE104560_WT_differentiation_day_1_to_2_transition.diff.gz,anti-conservative,0.9888358017684186,NA,NA
GSE104560,GSE104560_WT_proliferation_vs_day_1_differentiation.diff.gz,anti-conservative,0.9441467469341556,NA,NA
GSE104560,GSE104560_WT_proliferation_vs_day_2_differentiation.diff.gz,anti-conservative,0.7692999670796569,NA,NA
GSE104560,GSE104560_WT_proliferation_vs_day_3_differentiation.diff.gz,anti-conservative,0.6427452969072931,NA,NA
GSE104560,GSE104560_WT_proliferation_vs_day_4_differentiation.diff.gz,anti-conservative,0.6200151839447579,NA,NA
GSE104590,GSE104590_DEGs_DualRNASeq_ATH-VDA.xlsx-sheet- (ATH&VDA) vs ATH (sortUP),anti-conservative,0.7856540517784645,NA,NA
GSE104590,GSE104590_DEGs_DualRNASeq_ATH-VDA.xlsx-sheet- (ATH&VDA) vs ATH (sortDOWN),anti-conservative,0.7856540517784645,NA,NA
GSE104590,GSE104590_DEGs_DualRNASeq_ATH-VDA.xlsx-sheet- (ATH&VDA) vs VDA (sortDOWN),anti-conservative,0.5233340087038544,anti-conservative,0.38850486665676437
GSE104604,GSE104604_EIF5A_RNA-seq_genes.xls.gz,anti-conservative,0.6851964275966557,anti-conservative,0.523568273330959
GSE105064,GSE105064_Treat_vs_control_diff.txt.gz,anti-conservative,0.9362471483059811,NA,NA
GSE106371,GSE106371_SupplementalTableS1_counts.txt.gz,anti-conservative,0.6543354821448325,anti-conservative,0.32286113660844107
GSE106545,GSE106545_U251_WT_VS_AXLKO_FPKM.xlsx,anti-conservative,0.47324001679132954,NA,NA
GSE106568,GSE106568_WT_vs_ibm1.txt.gz,anti-conservative,0.876350496006583,NA,NA
GSE106693,GSE106693_Control_v_zfp-1-1RNAi.xlsx,anti-conservative,0.9359878822431908,NA,NA
GSE106860,GSE106860_processed_data.txt.gz,anti-conservative,0.21469989441706178,NA,NA
GSE106985,GSE106985_Table_s1.xls.gz-sheet-D5.5MUT_D5.5WT.anno,anti-conservative,0.05282829794504338,NA,NA
GSE106985,GSE106985_Table_s1.xls.gz-sheet-D7.5MUT_D5.5MUT.anno,anti-conservative,0.05008779385619149,NA,NA
GSE106985,GSE106985_Table_s1.xls.gz-sheet-D7.5WT_D5.5WT.anno,anti-conservative,0.057920104478042585,NA,NA
GSE106985,GSE106985_Table_s1.xls.gz-sheet-D7.5MUT_D7.5WT.anno,anti-conservative,0.042168855326604054,NA,NA
GSE107052,GSE107052_processed_statistics_etc.txt.gz-set-0,anti-conservative,0.6595981517205423,NA,NA
GSE107052,GSE107052_processed_statistics_etc.txt.gz-set-1,anti-conservative,0.924828434454398,NA,NA
GSE107199,GSE107199_polyIC_vs._WT_ctrl_all.xlsx.gz-set-0,anti-conservative,0.8176596399808667,NA,NA
GSE107207,GSE107207_res.genes.hampshire.c-d.csv.gz,anti-conservative,0.6064148868512583,anti-conservative,0.5495279408268922
GSE107207,GSE107207_res.genes.pietrain.a-b.csv.gz,anti-conservative,0.9198419453484985,NA,NA
GSE107419,GSE107419_DEG_N_vs_ESC_DEseq.xlsx,anti-conservative,0.24265175052949015,NA,NA
GSE107419,GSE107419_DEG_P_vs_N_DEseq.xlsx,anti-conservative,0.5477647387535598,NA,NA
GSE107419,GSE107419_DEG_Prl_vs_N_DEseq.xlsx,anti-conservative,0.5230056502428205,NA,NA
GSE107419,GSE107419_DEG_Prl_vs_P_DEseq.xlsx,anti-conservative,0.5804884059316906,NA,NA
GSE107498,GSE107498_Supplementary_FIle_1_Sleuth_results.xlsx.gz-sheet-Sleuth Results,anti-conservative,0.5182660421428913,NA,NA
GSE107555,GSE107555_HL60_deseq_norm_countFeatures.txt.gz,anti-conservative,0.7786974329164215,anti-conservative,0.6359427742845167
GSE107671,GSE107671_abundance.xlsx-set-1,anti-conservative,0.8934489426020802,NA,NA
GSE108106,GSE108106_DE_results_starved_vs_fed.txt.gz,anti-conservative,0.7664537575755082,anti-conservative,0.5366127162348605
GSE108157,GSE108157_huHrt_ICM.v.NICM_diffexp.xlsx,anti-conservative,0.9797666460477517,NA,NA
GSE108435,GSE108435_gut_vs_liver.txt.gz,anti-conservative,0.6399752889229829,anti-conservative,0.08774788882030495
GSE108438,GSE108438_BPTFKO_vs_WT_result_filtered_list.csv.gz,anti-conservative,0.9695557848447567,NA,NA
GSE108732,GSE108732_DEseq2-F.xlsx-sheet-DEseq2 output,anti-conservative,0.8600852970050733,anti-conservative,0.6759670868508753
GSE108732,GSE108732_DEseq2-NF.csv.gz,anti-conservative,0.8517838210585731,NA,NA
GSE108749,GSE108749_DMSO-vs-129_results.csv.gz,anti-conservative,0.7923819359824312,NA,NA
GSE108898,GSE108898_deseq2_analysis_cml39_vs_wt.txt.gz,anti-conservative,0.748180935468686,anti-conservative,0.5026773010716903
GSE109006,GSE109006_AM_Gore_Oct2016_RNAseq.txt.gz,anti-conservative,0.8187558431818088,NA,NA
GSE109152,GSE109152_All.HFD_v_ND.2_counts.txt.gz,anti-conservative,0.9175732340717133,NA,NA
GSE109177,GSE109177_Ctrl_Untr_vs_Ctrl_PR20-ExpDiff_k562_.csv.gz,anti-conservative,0.5450591952456858,anti-conservative,0.26599383912196445
GSE109177,GSE109177_SafePR50_vs_TMX2PR50-ExpDiff_neurons_.csv.gz,anti-conservative,0.7846519881555688,NA,NA
GSE109279,GSE109279_DESeq2.DiffExp_WT_SIRT3KO_MEFs.txt.gz,anti-conservative,0.5062465149062346,anti-conservative,0.18957863211859216
GSE109582,GSE109582_DESeq_results.csv.gz,anti-conservative,0.2818859924246429,anti-conservative,0.15125904094859402
GSE109615,GSE109615_gene_description.txt.gz-set-0,anti-conservative,0.741451999640568,NA,NA
GSE109615,GSE109615_gene_description.txt.gz-set-1,anti-conservative,0.709888736803175,NA,NA
GSE109615,GSE109615_gene_description.txt.gz-set-3,anti-conservative,0.7544814606849489,NA,NA
GSE109844,GSE109844_CD4lowHLA-G_vs_human_N_CD4_diff.xls.gz,anti-conservative,0.8638604811669669,NA,NA
GSE110255,GSE110255_PCT101800875_All_Data_saki_RPKM.csv.gz-set-0,anti-conservative,0.5976839970636814,NA,NA
GSE110255,GSE110255_PCT101800875_All_Data_saki_RPKM.csv.gz-set-1,anti-conservative,0.6823161570930446,NA,NA
GSE110255,GSE110255_PCT101800875_All_Data_saki_RPKM.csv.gz-set-2,anti-conservative,0.5064214314553129,NA,NA
GSE110255,GSE110255_PCT101800875_All_Data_saki_RPKM.csv.gz-set-3,anti-conservative,0.641639537529822,NA,NA
GSE110255,GSE110255_PCT101800875_All_Data_saki_RPKM.csv.gz-set-4,anti-conservative,0.3367230170673518,NA,NA
GSE110255,GSE110255_PCT101800875_All_Data_saki_RPKM.csv.gz-set-5,anti-conservative,0.426518752064599,NA,NA
GSE110255,GSE110255_PCT101800875_All_Data_saki_RPKM.csv.gz-set-6,anti-conservative,0.854361643432938,NA,NA
GSE110255,GSE110255_PCT101800875_All_Data_saki_RPKM.csv.gz-set-7,anti-conservative,0.5038791044228299,NA,NA
GSE110255,GSE110255_PCT101800875_All_Data_saki_RPKM.csv.gz-set-8,anti-conservative,0.5063466948063865,NA,NA
GSE110255,GSE110255_PCT101800875_All_Data_saki_RPKM.csv.gz-set-9,anti-conservative,0.31597998164800883,NA,NA
GSE110445,GSE110445_rpoN_RNA_seq_analyzed.txt.gz,anti-conservative,0.892297869951605,NA,NA
GSE110512,GSE110512_gene_exp.txt.gz,anti-conservative,0.7105032477864673,NA,NA
GSE110646,GSE110646_Cuffdiff_gene_expression_March2016_reformat.csv.gz,anti-conservative,0.8754471855616883,NA,NA
GSE111012,GSE111012_450_vs_Phi11.txt.gz,anti-conservative,0.7764605770461055,anti-conservative,0.8223934879444005
GSE111012,GSE111012_450_vs_Phi80.txt.gz,anti-conservative,0.6701477982290391,anti-conservative,0.698836759790195
GSE111126,GSE111126_Mutt110_vs_Wt.txt.gz,anti-conservative,0.66427190839273,NA,NA
GSE111126,GSE111126_Mutt110_vs_Wtcu.txt.gz,anti-conservative,0.6165735510012023,NA,NA
GSE111126,GSE111126_Wtcu_vs_Wt.txt.gz,anti-conservative,0.7499326202881013,NA,NA
GSE111189,GSE111189_diff-Deseq2-R-Oil-vs-85-Oil.txt.gz,anti-conservative,0.5695824635120064,anti-conservative,0.40548581908730447
GSE111227,GSE111227_TruSeq.DESeq2_results.txt.gz,anti-conservative,0.8652165443350973,NA,NA
GSE111305,GSE111305_SGI_vs_Control.DESeq2_Results.xlsx-sheet-SGI_vs_Control.DESeq2_Results,anti-conservative,0.9931908283635471,NA,NA
GSE111379,GSE111379_3chemos.80hrs.HeyA8.xlsx-sheet-All chemo samples.csv-set-0,anti-conservative,0.6424643876329124,NA,NA
GSE111379,GSE111379_3chemos.80hrs.HeyA8.xlsx-sheet-All chemo samples.csv-set-1,anti-conservative,0.5211941879907108,NA,NA
GSE111379,GSE111379_3chemos.80hrs.HeyA8.xlsx-sheet-All chemo samples.csv-set-2,anti-conservative,0.6373153184483712,NA,NA
GSE111538,GSE111538_Adipo_Yes_vs_Adipo_No.DESeq2_Results.xlsx.gz,anti-conservative,0.9928535205519748,NA,NA
GSE111666,GSE111666_E12_RNASEQ_HET_v_MUT.txt.gz,anti-conservative,0.9978974449870921,NA,NA
GSE111666,GSE111666_E12_RNASEQ_MUT_v_KI.txt.gz,anti-conservative,0.9030903514961284,NA,NA
GSE112903,GSE112903_Table_S2_Ccl19hi_TRC_Ccl19lo_TRC_Cxcl9_TRC.xlsx-sheet-Ccl19hi TRC,anti-conservative,0.3892204428851642,anti-conservative,0.15862183648833322
GSE112903,GSE112903_Table_S2_Ccl19hi_TRC_Ccl19lo_TRC_Cxcl9_TRC.xlsx-sheet-Ccl19lo TRC,anti-conservative,0.720851908023536,anti-conservative,0.445161011578674
GSE112903,GSE112903_Table_S2_Ccl19hi_TRC_Ccl19lo_TRC_Cxcl9_TRC.xlsx-sheet-Cxcl9+ TRC,anti-conservative,0.7227767981154193,anti-conservative,0.5107039033268401
GSE112903,GSE112903_Table_S3_MRC.xlsx,anti-conservative,0.6530815552814797,anti-conservative,0.3432701320978695
GSE112903,GSE112903_Table_S4_PvC.xlsx,anti-conservative,0.6761030252511763,anti-conservative,0.3033102419814739
GSE112903,GSE112903_Table_S5_CD34+_SC.xlsx,anti-conservative,0.5943813128298047,anti-conservative,0.3010493806579278
GSE112903,GSE112903_Table_S6_Inmt+_SC.xlsx,anti-conservative,0.5906779827077887,anti-conservative,0.3350954328088142
GSE112903,GSE112903_Table_S7_Nr4a1+_SC.xlsx-sheet-Nr4a1+ SC,anti-conservative,0.5210329324208058,anti-conservative,0.2194049495368407
GSE112903,GSE112903_Table_S7_Nr4a1+_SC.xlsx-sheet-Nr4a1+ Inmt+ SC,anti-conservative,0.605510687844382,anti-conservative,0.26948006567317356
GSE112903,GSE112903_Table_S7_Nr4a1+_SC.xlsx-sheet-Nr4a1+ TRC,anti-conservative,0.6185498003087687,anti-conservative,0.30892141481863555
GSE112903,GSE112903_Table_S7_Nr4a1+_SC.xlsx-sheet-Nr4a1+ CD34+ SC,anti-conservative,0.8174109446211356,anti-conservative,0.49029766396651137
GSE112903,GSE112903_Table_S8_FDC.xlsx,anti-conservative,0.6385793250453498,anti-conservative,0.3439766893465055
GSE113053,GSE113053_deseq.HSC.bfx338.xls.gz-sheet-all_genes,anti-conservative,0.7626534022593351,NA,NA
GSE113053,GSE113053_deseq.MPP.bfx312.xls.gz-sheet-all_genes,anti-conservative,0.8357206511444797,NA,NA
GSE113231,GSE113231_pde_expression_data_112413.txt.gz,anti-conservative,0.9288756995579772,NA,NA
GSE113333,GSE113333_Typhi_gene_exp.diff.gz,anti-conservative,0.49646905246518647,NA,NA
GSE113404,GSE113404_DESeq2_results_Mat1_OE_wt.xlsx,anti-conservative,0.9280294199622697,anti-conservative,0.7321095610742664
GSE113404,GSE113404_DESeq2_results_Mat2_OE_wt.xlsx,anti-conservative,0.6150878100395507,anti-conservative,0.5783610184627704
GSE113519,GSE113519_condition.DESeq2_results_allgenes.csv.gz,anti-conservative,0.5165838926604778,anti-conservative,0.13094398925591608
GSE113683,GSE113683_DESeq2_res_Ax35_10x_vs._WT.csv.gz,anti-conservative,0.8430185855249633,anti-conservative,0.7177567888285932
GSE113683,GSE113683_DESeq2_res_Ax35_30x_vs._WT.csv.gz,anti-conservative,0.737227708443619,anti-conservative,0.626694364253166
GSE113716,GSE113716_DESeq2_results_t05_vs_t0.txt.gz,anti-conservative,0.4139467452949112,anti-conservative,0.36883171797461944
GSE113716,GSE113716_DESeq2_results_t15_vs_t0.txt.gz,anti-conservative,0.32687960557745155,anti-conservative,0.2935959367863864
GSE113716,GSE113716_DESeq2_results_t1_vs_t0.txt.gz,anti-conservative,0.3993071280053002,anti-conservative,0.36446512841332446
GSE113716,GSE113716_DESeq2_results_t2_vs_t0.txt.gz,anti-conservative,0.3330743912221514,anti-conservative,0.30272786151686637
GSE113716,GSE113716_DESeq2_results_t4_vs_t0.txt.gz,anti-conservative,0.29957361022921514,anti-conservative,0.26515109839963213
GSE113848,GSE113848_sleuth.de.results.wald.ctl.tsv.gz,anti-conservative,0.6709427033015843,NA,NA
GSE113848,GSE113848_sleuth.de.results.wald.oe.tsv.gz,anti-conservative,0.8557103208856142,NA,NA
GSE113900,GSE113900_Significant_genes.xlsx.gz,anti-conservative,0.15450752536487095,NA,NA
GSE113954,GSE113954_Warm_TRPM2-KO-1_Warm_WT-1.anno.txt.gz,anti-conservative,0.675606035324929,NA,NA
GSE113954,GSE113954_Warm_TRPM2-KO-2_Warm_WT-2.anno.txt.gz,anti-conservative,0.6333887872782583,NA,NA
GSE113979,GSE113979_DESeq2.txt.gz,anti-conservative,0.8811243073435748,NA,NA
GSE114336,GSE114336_Merkel_Keratinocytes_DEseq_RPKM.xlsx,anti-conservative,0.5382565631042574,NA,NA
GSE114346,GSE114346_LEH_differential_expression_analysis_table.csv.gz,anti-conservative,0.8847854470197529,anti-conservative,0.6268863730132308
GSE114363,GSE114363_gene_exp.diff.txt.gz,anti-conservative,0.9345084415110786,NA,NA
GSE114463,GSE114463_DESeq2_genes_diffexp_by_fc_N2_15_vs_O2_15.csv.gz,anti-conservative,0.9195979192590611,NA,NA
GSE114463,GSE114463_DESeq2_genes_diffexp_by_fc_N2_60_vs_O2_60.csv.gz,anti-conservative,0.5907011768664241,anti-conservative,0.41931606267856203
GSE114917,GSE114917_High_vs_Low_LP4_removed_all_genes.tsv.gz,anti-conservative,0.444425168469035,anti-conservative,0.18699460855859096
GSE114941,GSE114941_DEseq2.xlsx,anti-conservative,0.6859518449772211,NA,NA
GSE115266,GSE115266_Horvath01_DESeq2_Differential_Gene_Expression.csv.gz,anti-conservative,0.4922928396233724,anti-conservative,0.19260708436936252
GSE115950,GSE115950_DESeq2_genes_diffexp_by_fc_Migr_mLN_SPF_vs_Migr_pLN_SPF.csv.gz,anti-conservative,0.7818675375346686,NA,NA
GSE116230,GSE116230_Smad4ff_vs_Smad4iECKO.deseq.res.csv.gz,anti-conservative,0.6073901725263283,anti-conservative,0.650712248577225
GSE116458,GSE116458_nESCs_EpiLSCs_desep_table.txt.gz,anti-conservative,0.9142079391770656,NA,NA
GSE116587,GSE116587_Littleetal_RNASEQ.xlsx,anti-conservative,0.8381880156876956,NA,NA
GSE116776,GSE116776_KO_vs_WT.txt.gz,anti-conservative,0.7023029072865417,NA,NA
GSE116915,GSE116915_Microbead_vs_control_raw_data_RNAseq_mouse.define_DESeq2.txt.gz,anti-conservative,0.8804598022081321,NA,NA
GSE116916,GSE116916_Processed_data_Wareham2.txt.gz,anti-conservative,0.9889145587504008,NA,NA
GSE117433,GSE117433_37flow_v_37static.RNAseqgene_exp.diff.gz,anti-conservative,0.6803180444425834,NA,NA
GSE117433,GSE117433_RTflow_v_GSE117433_37Static.RNAseqgene_exp.diff.gz,anti-conservative,0.5891797555115864,NA,NA
GSE117978,GSE117978_groupBvsgroupA.complete.txt.gz,anti-conservative,0.9788721905019301,NA,NA
GSE118116,GSE118116_sleuth_test_results.txt.gz,anti-conservative,0.5146854893345945,NA,NA
GSE118217,GSE118217_AN_vs_AW.xlsx.gz,anti-conservative,0.8606401972627978,NA,NA
GSE118334,GSE118334_Wnt11_WK_RNAseq_DiffExp.txt.gz-set-0,anti-conservative,0.7659856956541087,NA,NA
GSE118334,GSE118334_Wnt11_WK_RNAseq_DiffExp.txt.gz-set-1,anti-conservative,0.7659856956541087,NA,NA
GSE118334,GSE118334_Wnt11_WK_RNAseq_DiffExp.txt.gz-set-2,anti-conservative,0.30769971615654507,NA,NA
GSE118334,GSE118334_Wnt11_WK_RNAseq_DiffExp.txt.gz-set-3,anti-conservative,0.20663434208278483,NA,NA
GSE118334,GSE118334_Wnt11_NP_RNAseq_DiffExp.txt.gz,anti-conservative,0.05356169669068713,NA,NA
GSE118423,GSE118423_alc.csv.gz,anti-conservative,0.9788237318582705,anti-conservative,0.8005626594880554
GSE118490,GSE118490_HCT116_DE_Results.xlsx-sheet-HCT116_results_raw_noNA,anti-conservative,0.32175979418690304,anti-conservative,0.22141472319516056
GSE118552,GSE118552_sorted_results.csv.gz,anti-conservative,0.5677122746799255,NA,NA
GSE119046,GSE119046_rpoS819_vs_wtrpoS.csv.gz,anti-conservative,0.5496539553445533,NA,NA
GSE119208,GSE119208_F613-TCS.txt.gz,anti-conservative,0.10407018714196169,NA,NA
GSE119273,GSE119273_LR73_AC_results.txt.gz,anti-conservative,0.8326345742119365,NA,NA
GSE119325,GSE119325_day6vsday2_gene_description.txt.gz,anti-conservative,0.6842896699380964,NA,NA
GSE119332,GSE119332_control_vs_rraga_mutants_analyzed.xlsx.gz,anti-conservative,0.9429814807444631,NA,NA
GSE119333,GSE119333_BSGX001-vs-BSGX001_thi2.DESeq.diff.txt.gz,anti-conservative,0.38336987843010156,anti-conservative,0.2542317549292331
GSE121173,GSE121173_gene_exp.diff.txt.gz,anti-conservative,0.8278575789559147,NA,NA
GSE121725,GSE121725_OVVSGSF_circRNA_differential_expression.xlsx,anti-conservative,0.5248059635176892,NA,NA
GSE121725,GSE121725_Transcript_differential_expression.xlsx,anti-conservative,0.824435853838268,NA,NA
GSE121911,GSE121911_SFTS_Ferret_DEG.xlsx-sheet-Sheet1-set-0,anti-conservative,0.7705127054436612,NA,NA
GSE121911,GSE121911_SFTS_Ferret_DEG.xlsx-sheet-Sheet1-set-1,anti-conservative,0.8211848468228101,NA,NA
GSE121911,GSE121911_SFTS_Ferret_DEG.xlsx-sheet-Sheet1-set-2,anti-conservative,0.6042424370455838,NA,NA
GSE121911,GSE121911_SFTS_Ferret_DEG.xlsx-sheet-Sheet1-set-3,anti-conservative,0.7446984067580363,NA,NA
GSE121911,GSE121911_SFTS_Ferret_DEG.xlsx-sheet-Sheet1-set-4,anti-conservative,0.7708287645829304,NA,NA
GSE121911,GSE121911_SFTS_Ferret_DEG.xlsx-sheet-Sheet1-set-5,anti-conservative,0.622088314505846,NA,NA
GSE121911,GSE121911_SFTS_Ferret_DEG.xlsx-sheet-Sheet1-set-6,anti-conservative,0.67970995035384,NA,NA
GSE121911,GSE121911_SFTS_Ferret_DEG.xlsx-sheet-Sheet1-set-7,anti-conservative,0.6661341103992543,NA,NA
GSE121911,GSE121911_SFTS_Ferret_DEG.xlsx-sheet-Sheet1-set-8,anti-conservative,0.6950051920358444,NA,NA
GSE121911,GSE121911_SFTS_Ferret_DEG.xlsx-sheet-Sheet1-set-9,anti-conservative,0.6977138217941627,NA,NA
GSE121911,GSE121911_SFTS_Ferret_DEG.xlsx-sheet-Sheet1-set-10,anti-conservative,0.6811354409067953,NA,NA
GSE121911,GSE121911_SFTS_Ferret_DEG.xlsx-sheet-Sheet1-set-11,anti-conservative,0.6997112501438334,NA,NA
GSE121911,GSE121911_SFTS_Ferret_DEG.xlsx-sheet-Sheet1-set-12,anti-conservative,0.7101972994932213,NA,NA
GSE122095,GSE122095_N-VS-W.DEGseq_Method.GeneDiffExp.txt.gz,anti-conservative,0.31726385259572987,NA,NA
GSE122483,GSE122483_ren_gene.description.txt.gz,anti-conservative,0.48513517928625466,NA,NA
GSE123403,GSE123403_CDK0005_PAO1_results_all.csv.gz,anti-conservative,0.8945648122571438,anti-conservative,0.6330816067552122
GSE123459,GSE123459_WTCvsWTV.xlsx,anti-conservative,0.601419709150939,anti-conservative,0.3555919341815049
GSE123554,GSE123554_payelg_WT_Fis_gene_exp_Final.xlsx-sheet-Sheet1,anti-conservative,0.6780452753509402,NA,NA
GSE32038,GSE32038_promoters.diff.gz,anti-conservative,0.04909508161291718,NA,NA
GSE48812,GSE48812_24h_PRECvsLNCAP.diff.txt.gz,anti-conservative,0.0033980225317490143,NA,NA
GSE48812,GSE48812_6h_LNCAPvsPC3.diff.txt.gz,anti-conservative,0.003395574940768143,NA,NA
GSE48812,GSE48812_6h_PRECvsLNCAP.diff.txt.gz,anti-conservative,0.004663587743726186,NA,NA
GSE61915,GSE61915_FilteredDifferentialExpression_min_10reads_3M-24M.xls.gz,anti-conservative,0.6236541331430212,anti-conservative,0.4786342041373453
GSE61915,GSE61915_FilteredDifferentialExpression_min_10reads_3M-29M.xls.gz,anti-conservative,0.7988833985007695,anti-conservative,0.6915377443176208
GSE69876,GSE69876_results.csv.gz,anti-conservative,0.35060943311548515,anti-conservative,0.18225747696259545
GSE70093,GSE70093_Supplementary_file_1.xls.gz-sheet-Sharbati Grain,anti-conservative,0.7283757726801692,NA,NA
GSE70093,GSE70093_Supplementary_file_1.xls.gz-sheet-Lalat Grain,anti-conservative,0.7310132022798211,NA,NA
GSE70093,GSE70093_Supplementary_file_1.xls.gz-sheet-Sharbati Root,anti-conservative,0.7303634668256402,NA,NA
GSE70093,GSE70093_Supplementary_file_1.xls.gz-sheet-Lalat Root,anti-conservative,0.5335661369778556,NA,NA
GSE70228,GSE70228_ThermococcusIsoforms_exp.diff.xlsx,anti-conservative,0.8512010050492634,NA,NA
GSE74176,GSE74176_wt-SPL_line1-SPL_annotated.txt.gz,anti-conservative,0.8480900024715244,NA,NA
GSE74554,GSE74554_Diff_All_genes_A30_C30.csv.gz,anti-conservative,0.37961859464949577,anti-conservative,0.3427570170176497
GSE74929,GSE74929_Diff_Exp.txt.gz,anti-conservative,0.33146889027049953,NA,NA
GSE75147,GSE75147_regulated.phf5a_kd_402.down.G166.list.txt.gz,anti-conservative,0.019976872106713645,NA,NA
GSE75147,GSE75147_regulated.phf5a_kd_861.down.0827.list.txt.gz,anti-conservative,0.01573332714614093,NA,NA
GSE75147,GSE75147_regulated.phf5a_kd_861.down.G166.list.txt.gz,anti-conservative,0.013633899871189075,NA,NA
GSE75147,GSE75147_regulated.phf5a_kd_861.up.G166.list.txt.gz,anti-conservative,0.036843182674334264,NA,NA
GSE76482,GSE76482_deseq.comparisons.xls.gz-sheet-14.5 wt VS 14.5 S1pr2 null,anti-conservative,0.8331693915021471,NA,NA
GSE76482,GSE76482_deseq.comparisons.xls.gz-sheet-14.5+2 CTRL VS 14.5+2+JTE+CTGF,anti-conservative,0.6053857155607264,NA,NA
GSE76482,GSE76482_deseq.comparisons.xls.gz-sheet-14.5+2+JTE VS 14.5+2+JTE+CTGF,anti-conservative,0.811168905153716,NA,NA
GSE79435,GSE79435_DESeq2_genes_diffexp_by_fc_mLN-GF_vs_mLN-SPF.csv.gz,anti-conservative,0.738584483549233,anti-conservative,0.5346745760765159
GSE79435,GSE79435_DESeq2_genes_diffexp_by_fc_pLN-GF_vs_mLN-GF.csv.gz,anti-conservative,0.7554271463793256,anti-conservative,0.5446982551908621
GSE79435,GSE79435_DESeq2_genes_diffexp_by_fc_pLN-GF_vs_pLN-SPF.csv.gz,anti-conservative,0.887925372871029,anti-conservative,0.7691402555259985
GSE79435,GSE79435_DESeq2_genes_diffexp_by_fc_pLN-SPF_vs_mLN-SPF.csv.gz,anti-conservative,0.7133138348779664,anti-conservative,0.5843104375321517
GSE79776,GSE79776_Veh_V_EGF_DESeq_Results.txt.gz,anti-conservative,0.6642282424385295,NA,NA
GSE80264,GSE80264_Group_2_vs._Group_1_Ensembl.gene.rpkm_more0.5_log2p1_qn.txt.gz,anti-conservative,0.5639273068437536,NA,NA
GSE80264,GSE80264_Group_3_vs._Group_1_Ensembl.gene.rpkm_more0.5_log2p1_qn.txt.gz-set-1,anti-conservative,0.03492437945895438,NA,NA
GSE81069,GSE81069_1vs2_DESeq_func_added.csv.gz,anti-conservative,0.6827854655391813,NA,NA
GSE81069,GSE81069_1vs3_DESeq_func_added.csv.gz,anti-conservative,0.8155340008263164,NA,NA
GSE81069,GSE81069_4vs5_DESeq_func_added.csv.gz,anti-conservative,0.7376623292995005,NA,NA
GSE82008,GSE82008_rTreg-aTreg-RPKM_log2FC_pval.txt.gz-set-0,anti-conservative,0.8110914146708256,NA,NA
GSE84699,GSE84699_RNAseq_cpx_vs_dmso_DESeq2.txt.gz,anti-conservative,0.5989666171481123,NA,NA
GSE86203,GSE86203_Rps26_dependent_recognition-DESeq.xlsx.gz-sheet-DESeq,anti-conservative,0.5360511894488647,anti-conservative,0.4071206103041027
GSE86203,GSE86203_Rps3TAP_comparison-DESeq.xlsx.gz-sheet-R3vElu_DiffExp,anti-conservative,0.40625072119586314,anti-conservative,0.2789466579454229
GSE86203,GSE86203_Rps3TAP_comparison-DESeq.xlsx.gz-sheet-R3vFT_DiffExp,anti-conservative,0.8095251817822735,anti-conservative,0.7443696269784658
GSE86301,GSE86301_shCdGAP_vs_shCtl_fpkm_counts.txt.gz,anti-conservative,0.7404693287780287,NA,NA
GSE87089,GSE87089_Supplementary_data.xls.gz-sheet-differentially expressed genes-set-0,anti-conservative,0.21346731701068444,NA,NA
GSE87089,GSE87089_Supplementary_data.xls.gz-sheet-differentially expressed genes-set-1,anti-conservative,0.04650607746322682,NA,NA
GSE87089,GSE87089_Supplementary_data.xls.gz-sheet-differentially expressed genes-set-2,anti-conservative,0.2877646739895891,NA,NA
GSE87456,GSE87456_HypoxiaSQ20B_ExpressionData.txt.gz,anti-conservative,0.8280919832590238,NA,NA
GSE87916,GSE87916_S15207_DeSeq.xlsx,anti-conservative,0.965040881502595,NA,NA
GSE89588,GSE89588_SupplementalTable_S4.xlsx.gz-sheet-c2c12_DESeq_significant-set-0,anti-conservative,0.26780259927503364,anti-conservative,0.2212020541808415
GSE89588,GSE89588_SupplementalTable_S4.xlsx.gz-sheet-c2c12_DESeq_significant-set-1,anti-conservative,0.16458590693246883,anti-conservative,0.1465744997009583
GSE89588,GSE89588_SupplementalTable_S4.xlsx.gz-sheet-c2c12_stau_deseq_ALL,anti-conservative,0.5672264449226211,NA,NA
GSE89588,GSE89588_SupplementalTable_S4.xlsx.gz-sheet-c2c12_upf_deseq_ALL,anti-conservative,0.491314212152418,anti-conservative,0.23329317670190777
GSE89588,GSE89588_SupplementalTable_S4.xlsx.gz-sheet-hskmc_DESeq_significant-set-0,anti-conservative,0.32433287579710735,anti-conservative,0.2710008538512689
GSE89588,GSE89588_SupplementalTable_S4.xlsx.gz-sheet-hskmc_DESeq_significant-set-1,anti-conservative,0.23952901912473168,anti-conservative,0.27044574114832537
GSE89588,GSE89588_SupplementalTable_S4.xlsx.gz-sheet-hskmc_stau_deseq_ALL,anti-conservative,0.6066841412104464,NA,NA
GSE89588,GSE89588_SupplementalTable_S4.xlsx.gz-sheet-hskmc_upf_deseq_ALL,anti-conservative,0.5513822740469579,NA,NA
GSE91388,GSE91388_DESeq2_output.txt.gz,anti-conservative,0.4577702432614821,anti-conservative,0.4185559765701665
GSE92720,GSE92720_Control_H32.xls.gz,anti-conservative,0.5811377156683161,NA,NA
GSE92971,GSE92971_run1513_gencode_DESeq2_lateFGFvsControl_gene_diff_rawcnt.txt.gz,anti-conservative,0.950549032173941,anti-conservative,0.6573754536752504
GSE93574,GSE93574_res_dds_LEKU_vs_LE.csv.gz,anti-conservative,0.572087011972372,anti-conservative,0.40400038173832553
GSE93574,GSE93574_res_dds_LEKU_vs_LPS.csv.gz,anti-conservative,0.4124765206108855,anti-conservative,0.20200443043539268
GSE93574,GSE93574_res_dds_LE_vs_LPS.csv.gz,anti-conservative,0.45596495960087624,anti-conservative,0.22918489874792836
GSE93614,GSE93614_Air_Eth_Results.txt.gz,anti-conservative,0.6947810682669803,anti-conservative,0.5888733085804015
GSE94017,GSE94017_ATO_versus_control_diff.xlsx,anti-conservative,0.7045905396489598,NA,NA
GSE94818,GSE94818_Afu_RNAseq_processed_data.xls.gz-set-1,anti-conservative,0.5126867670827071,NA,NA
GSE94818,GSE94818_Afu_RNAseq_processed_data.xls.gz-set-2,anti-conservative,0.3686701102526303,NA,NA
GSE94818,GSE94818_Afu_RNAseq_processed_data.xls.gz-set-3,anti-conservative,0.36309023011773794,NA,NA
GSE94818,GSE94818_Afu_RNAseq_processed_data.xls.gz-set-4,anti-conservative,0.39786803354827666,NA,NA
GSE94818,GSE94818_Afu_RNAseq_processed_data.xls.gz-set-5,anti-conservative,0.5790712804024437,NA,NA
GSE96549,GSE96549_DESeq.L3NbVsL3NbBarcIR-orig-FDR1.1.txt.gz,anti-conservative,0.6709608840314538,NA,NA
GSE96549,GSE96549_DESeq.dsBarcGDVsdsmCherry-orig-FDR1.1.txt.gz,anti-conservative,0.7636971869731451,NA,NA
GSE96555,GSE96555_DESeq.ctrl48hVstatsf148h-orig-FDR1.1.txt.gz,anti-conservative,0.8147800088944498,NA,NA
GSE96555,GSE96555_DESeq.ctrl72hVstatsf172h-orig-FDR1.1.txt.gz,anti-conservative,0.6175713780385043,NA,NA
GSE96960,GSE96960_DESeq2_genes_diffexp_by_fc_iTregs_plusVitC_vs_iTregs_negVitC.csv.gz,anti-conservative,0.8200441634734683,NA,NA
GSE97167,GSE97167_result_foldchange_deseq2.txt.gz,anti-conservative,0.9851598007950885,NA,NA
GSE97345,GSE97345_Cassette_AARap_diffexp.txt.gz,anti-conservative,0.587942008456184,anti-conservative,0.561113554764956
GSE97345,GSE97345_Cassette_NrdRap_diffexp.txt.gz,anti-conservative,0.6046100013199184,anti-conservative,0.5890184912974045
GSE97443,GSE97443_KnockDown1_vs_Control1.all.gene.result.txt.gz,anti-conservative,0.5084159992675371,NA,NA
GSE98082,GSE98082_E13_5_Tie2_Ino80_KO_DESeq2.csv.gz,anti-conservative,0.9044798913923046,NA,NA
GSE98084,GSE98084_All_Data_BaCl2.xlsx,anti-conservative,0.7625029146426094,NA,NA
GSE98091,GSE98091_siHOTAIR-vs-siNC.diff.txt.gz,anti-conservative,0.6611789216235622,anti-conservative,0.26888254419936986
GSE98467,GSE98467_RNA-Seq_CB15N_vs_CJW5477_expression_data.txt.gz,anti-conservative,0.4609484201590045,NA,NA
GSE98871,GSE98871_DESeq_Lambert_data.xlsx-sheet-siDDX5-17 vs siCTRL,anti-conservative,0.6721359230453912,NA,NA
GSE98871,GSE98871_DESeq_Lambert_data.xlsx-sheet-siDDX5-17+siREST vs siCTRL,anti-conservative,0.5509616802286909,anti-conservative,0.403760140183621
GSE98888,GSE98888_DESeq2data.xlsx,anti-conservative,0.9688106170757005,NA,NA
GSE98989,GSE98989_DESeq2_infectedvsnon-infected.complete.txt.gz,anti-conservative,0.9247256862687886,NA,NA
GSE98989,GSE98989_edgeR_infectedvsnon-infected.complete.txt.gz,anti-conservative,0.9260879479978094,NA,NA
GSE99211,GSE99211_AnZwijsen_Solid-20180116-diffexpr-results-Group_KO.SetA_vs_Ctrl.csv.gz,anti-conservative,0.7478355950788874,anti-conservative,0.7330820249996847
GSE99211,GSE99211_AnZwijsen_Solid-20180116-diffexpr-results-Group_KO.SetB_vs_Ctrl.csv.gz,anti-conservative,0.6444926968265523,anti-conservative,0.5527737452201942
GSE99211,GSE99211_AnZwijsen_Solid-20180116-diffexpr-results-KO.SetBvsKO.SetA.csv.gz,anti-conservative,0.7653509143830248,anti-conservative,0.789684636525462
GSE99231,GSE99231_293_DESEQ2.txt.gz,anti-conservative,0.4651523437144018,NA,NA
GSE99401,GSE99401_GEO_Bonetti_CommaDB_raw_reads.xlsx-set-0,anti-conservative,0.46410309283194323,NA,NA
GSE99401,GSE99401_GEO_Bonetti_CommaDB_raw_reads.xlsx-set-1,anti-conservative,0.501731967569908,NA,NA
GSE99598,GSE99598_hp_rna.csv.gz,anti-conservative,0.8254288967955687,NA,NA
GSE100075,GSE100075_cuffdiff_MCF7_gene_exp.txt.gz,bimodal,NA,NA,NA
GSE100075,GSE100075_cuffdiff_SUM44_gene_exp.txt.gz,bimodal,NA,NA,NA
GSE100421,GSE100421_E8.5vsE10.5_Cuffdiff_gene_exp.xlsx,bimodal,NA,NA,NA
GSE100908,GSE100908_Gene_expression_HP_vs_LP.xlsx,bimodal,NA,NA,NA
GSE101232,GSE101232_LargeRNA.CD95L.50hrs.HeyA8.xlsx.gz,bimodal,NA,NA,NA
GSE101788,GSE101788_gene_exp.diff.gz,bimodal,NA,NA,NA
GSE101797,GSE101797_Galaxy333-Cuffdiff_gene_differential_expression_testing.txt.gz,bimodal,NA,NA,NA
GSE101868,GSE101868_Human_Macrophages_Epithelium.txt.gz-set-1,bimodal,NA,NA,NA
GSE101898,GSE101898_Galaxy127-_CellXtype_WT_vs_QT7L1_.tabular.txt.gz,bimodal,NA,NA,NA
GSE102138,GSE102138_Long_non_coding_RNA.txt.gz-set-0,bimodal,NA,NA,NA
GSE102142,GSE102142_FoxAaBra_gene_exp_diff.txt.gz,bimodal,NA,NA,NA
GSE102221,GSE102221_DESeq_yellow_uninfected_vs_yellow_infected.xlsx,bimodal,NA,NA,NA
GSE102531,GSE102531_DE2output-280116.xlsx.gz-set-1,bimodal,NA,NA,NA
GSE102597,GSE102597_gene_exp.diff.gz,bimodal,NA,NA,NA
GSE103670,GSE103670_gene_exp.diff.gz,bimodal,NA,NA,NA
GSE103747,GSE103747_All_info.txt.gz,bimodal,NA,NA,NA
GSE104420,GSE104420_CVM_cuffdiffresult.txt.gz,bimodal,NA,NA,NA
GSE104420,GSE104420_HC_cuffdiffresult.txt.gz,bimodal,NA,NA,NA
GSE104518,GSE104518_Combined_1d-WT_1d-SIG_7d-WT_7d-SIG.txt.gz-set-1,bimodal,NA,NA,NA
GSE106688,GSE106688_cuffdiff_gene_exp.diff.gz,bimodal,NA,NA,NA
GSE106709,GSE106709_gene_exp.diff.gz,bimodal,NA,NA,NA
GSE107133,GSE107133_20141113_Rodriguez_Maize_MACE.txt.gz-set-1,bimodal,NA,NA,NA
GSE107671,GSE107671_abundance.xlsx-set-0,bimodal,NA,NA,NA
GSE107849,GSE107849_Farr_Monroe_2017_Processed_Data.xlsx,bimodal,NA,NA,NA
GSE108308,GSE108308_Process.RNASeq.DE.txt.gz,bimodal,NA,NA,NA
GSE108471,GSE108471_Germline_RNAseq.xlsx-sheet-diff_exp,bimodal,NA,NA,NA
GSE108676,GSE108676_Monkey_gene_exp.diff.gz,bimodal,NA,NA,NA
GSE108794,GSE108794_ESC_Differentiation_RNA-Seq.xlsx-sheet-noDox vs DOX,bimodal,NA,NA,NA
GSE108794,GSE108794_ESC_Differentiation_RNA-Seq.xlsx-sheet-noDox vs E14,bimodal,NA,NA,NA
GSE108844,GSE108844_4comparisons_gene_exp.diff.gz,bimodal,NA,NA,NA
GSE109065,GSE109065_Shoot_Cuffdiff_result.txt.gz,bimodal,NA,NA,NA
GSE109111,GSE109111_WT_KD_DESeq_analysis_Result_Table.txt.gz,bimodal,NA,NA,NA
GSE109322,GSE109322_gene_exp.diff.gz,bimodal,NA,NA,NA
GSE109461,GSE109461_expression_data.txt.gz,bimodal,NA,NA,NA
GSE109582,GSE109582_cuffdiff_101817_gene_exp.csv.gz,bimodal,NA,NA,NA
GSE109615,GSE109615_gene_description.txt.gz-set-2,bimodal,NA,NA,NA
GSE109806,GSE109806_MockFHVvsRaltFHV_gene_exp.diff.gz,bimodal,NA,NA,NA
GSE109850,GSE109850_DifferentialAnalysis.txt.gz,bimodal,NA,NA,NA
GSE110073,GSE110073_DESeq_Trub_CO_vs_CBS.csv.gz,bimodal,NA,bimodal,NA
GSE110073,GSE110073_DESeq_hg19_CO_vs_H.csv.gz,bimodal,NA,NA,NA
GSE111221,GSE111221_BBCdiffGE.txt.gz,bimodal,NA,NA,NA
GSE113485,GSE113485_RWPE1_EMPTY_ERG_ERGshELF1.diff.gz,bimodal,NA,NA,NA
GSE115102,GSE115102_RNAseq_p53KO_vs_p53CryKO_UV_CuffDiff.xlsx-sheet-p53_KO,bimodal,NA,NA,NA
GSE115102,GSE115102_RNAseq_p53KO_vs_p53CryKO_UV_CuffDiff.xlsx-sheet-p53_Cry_TKO,bimodal,NA,NA,NA
GSE115349,GSE115349_PD28_v_PD30.batch3.novel.gene_exp.diff.txt.gz,bimodal,NA,NA,NA
GSE115554,GSE115554_RNAseq_Genediff_pilot.xlsx,bimodal,NA,NA,NA
GSE116610,GSE116610_gene_expression_level.xlsx-sheet-wt vs hsp90 hsrw66,bimodal,NA,NA,NA
GSE116610,GSE116610_gene_expression_level.xlsx-sheet-hsrw66 vs hsp90 hsrw66,bimodal,NA,NA,NA
GSE116610,GSE116610_gene_expression_level.xlsx-sheet-hsp90 hsrw66 vs hsp90,bimodal,NA,NA,NA
GSE117032,GSE117032_H33BKI_WT_ESC_vs_NPC_gene_exp_diff.txt.gz,bimodal,NA,NA,NA
GSE117032,GSE117032_H33BKI_WT_NPC_vs_FIDC4_NPC_gene_exp_diff.txt.gz,bimodal,NA,NA,NA
GSE117032,GSE117032_H33BKI_WT_NPC_vs_FIDD8_NPC_gene_exp_diff.txt.gz,bimodal,NA,NA,NA
GSE117229,GSE117229_Galaxy247-_Cuffdiff_on_data_212__data_203__and_others_gene_differential_expression_testing_.txt.gz,bimodal,NA,NA,NA
GSE117632,GSE117632_Normoxia_ALKBH1_Knockdown_RNAseq_Processed.xlsx.gz,bimodal,NA,NA,NA
GSE118371,GSE118371_gene_exp_ColxCol_endosperm_ColxCvi_endosperm.txt.gz,bimodal,NA,NA,NA
GSE119029,GSE119029_gene_exp.diff.gz,bimodal,NA,NA,NA
GSE119046,GSE119046_rpoS92_vs_wtrpoS.csv.gz,bimodal,NA,NA,NA
GSE120241,GSE120241_gene_description.txt.gz-set-0,bimodal,NA,NA,NA
GSE120241,GSE120241_gene_description.txt.gz-set-2,bimodal,NA,NA,NA
GSE120241,GSE120241_gene_description.txt.gz-set-3,bimodal,NA,NA,NA
GSE120241,GSE120241_gene_description.txt.gz-set-4,bimodal,NA,NA,NA
GSE120241,GSE120241_gene_description.txt.gz-set-5,bimodal,NA,NA,NA
GSE122679,GSE122679_cufflinks_HNPC_v_GBM_comparison.xlsx,bimodal,NA,NA,NA
GSE123400,GSE123400_Vg6_differentially_expression.csv.gz,bimodal,NA,NA,NA
GSE123554,GSE123554_payelg_WT_HNS_gene_exp_Final.xlsx-sheet-Sheet1,bimodal,NA,NA,NA
GSE123656,GSE123656_Processed_data_file_Sanchez-Montesino_et_al_2018_.xlsx,bimodal,NA,NA,NA
GSE46323,GSE46323_A_adipose_gene_exp.xls.gz-sheet-adipose_fullSet,bimodal,NA,NA,NA
GSE46323,GSE46323_A_adipose_gene_exp.xls.gz-sheet-adipose_400M,bimodal,NA,NA,NA
GSE46323,GSE46323_A_adipose_gene_exp.xls.gz-sheet-adipose_300M,bimodal,NA,NA,NA
GSE46323,GSE46323_A_adipose_gene_exp.xls.gz-sheet-adipose_200M,bimodal,NA,NA,NA
GSE46323,GSE46323_A_adipose_gene_exp.xls.gz-sheet-adipose_150M,bimodal,NA,NA,NA
GSE46323,GSE46323_A_adipose_gene_exp.xls.gz-sheet-adipose_100M,bimodal,NA,NA,NA
GSE46323,GSE46323_A_adipose_gene_exp_simluation_100M.xls.gz-sheet-adipose_100M_round1,bimodal,NA,NA,NA
GSE46323,GSE46323_A_adipose_gene_exp_simluation_100M.xls.gz-sheet-adipose_100M_round2,bimodal,NA,NA,NA
GSE46323,GSE46323_A_adipose_gene_exp_simluation_100M.xls.gz-sheet-adipose_100M_round3,bimodal,NA,NA,NA
GSE46323,GSE46323_A_adipose_gene_exp_simluation_100M.xls.gz-sheet-adipose_100M_round4,bimodal,NA,NA,NA
GSE46323,GSE46323_A_adipose_gene_exp_simluation_100M.xls.gz-sheet-adipose_100M_round5,bimodal,NA,NA,NA
GSE46323,GSE46323_A_adipose_gene_exp_simluation_100M.xls.gz-sheet-adipose_100M_round6,bimodal,NA,NA,NA
GSE46323,GSE46323_A_adipose_gene_exp_simluation_100M.xls.gz-sheet-adipose_100M_round7,bimodal,NA,NA,NA
GSE46323,GSE46323_A_adipose_gene_exp_simluation_100M.xls.gz-sheet-adipose_100M_round8,bimodal,NA,NA,NA
GSE46323,GSE46323_A_adipose_gene_exp_simluation_100M.xls.gz-sheet-adipose_100M_round9,bimodal,NA,NA,NA
GSE46323,GSE46323_A_adipose_gene_exp_simluation_100M.xls.gz-sheet-adipose_100M_round10,bimodal,NA,NA,NA
GSE49295,GSE49295_isoform_exp_diff.xls.gz-sheet-A_vs_B_isoform_exp_diff,bimodal,NA,NA,NA
GSE49295,GSE49295_isoform_exp_diff.xls.gz-sheet-A_vs_C_isoform_exp_diff,bimodal,NA,NA,NA
GSE49295,GSE49295_isoform_exp_diff.xls.gz-sheet-A_vs_D_isoform_exp_diff,bimodal,NA,NA,NA
GSE49295,GSE49295_isoform_exp_diff.xls.gz-sheet-A_vs_E_isoform_exp_diff,bimodal,NA,NA,NA
GSE49295,GSE49295_isoform_exp_diff.xls.gz-sheet-B_vs_C_isoform_exp_diff,bimodal,NA,NA,NA
GSE49295,GSE49295_isoform_exp_diff.xls.gz-sheet-C_vs_E_isoform_exp_diff,bimodal,NA,NA,NA
GSE59954,GSE59954_gene_expression.txt.gz,bimodal,NA,NA,NA
GSE61955,GSE61955_12hr.txt.gz,bimodal,NA,NA,NA
GSE61955,GSE61955_6hr.txt.gz,bimodal,NA,NA,NA
GSE64080,GSE64080_miR-93_CuffDiff.xls.gz-sheet-diffExpResults-set-0,bimodal,NA,NA,NA
GSE64080,GSE64080_miR-93_CuffDiff.xls.gz-sheet-diffExpResults-set-1,bimodal,NA,NA,NA
GSE65994,GSE65994_gene_exp.diff.gz,bimodal,NA,NA,NA
GSE75738,GSE75738_Prof.Wu_group2-1.xlsx-sheet-PGC.vs.FGSC,bimodal,NA,NA,NA
GSE75738,GSE75738_Prof.Wu_group2-1.xlsx-sheet-PGC.vs.GV Oocyte,bimodal,NA,NA,NA
GSE75738,GSE75738_Prof.Wu_group2-1.xlsx-sheet-FGSC.vs.GV Oocyte,bimodal,NA,NA,NA
GSE75738,GSE75738_Prof.Wu_group2-1.xlsx-sheet-PGC.vs.MII Oocyte,bimodal,NA,NA,NA
GSE75738,GSE75738_Prof.Wu_group2-1.xlsx-sheet-FGSC.vs.MII Oocyte,bimodal,NA,NA,NA
GSE75738,GSE75738_Prof.Wu_group2-1.xlsx-sheet-GV Oocyte.vs.MII Oocyte,bimodal,NA,NA,NA
GSE76994,GSE76994_TKD_H2O_DEseq.xls.gz,bimodal,NA,NA,NA
GSE81834,GSE81834_489_614_Schizont_Cuffdiff.xlsx.gz-sheet-Transcript Diff. Expression,bimodal,NA,NA,NA
GSE84160,GSE84160_WT_vs_Med1KO_gene_exp.txt.gz,bimodal,NA,NA,NA
GSE85643,GSE85643_gene_exp.diff.txt.gz,bimodal,NA,NA,NA
GSE85643,GSE85643_isoform_exp.diff.txt.gz,bimodal,NA,NA,NA
GSE85653,GSE85653_gene_exp.diff.gz,bimodal,NA,NA,NA
GSE85883,GSE85883_C_DL_expression.diff.xlsx-sheet-gene_exp,bimodal,NA,NA,NA
GSE85883,GSE85883_M_DL_expression.diff.xlsx-sheet-gene_exp,bimodal,NA,NA,NA
GSE86950,GSE86950_cuffdiff_WGS7_ATCC55737.xlsx,bimodal,NA,NA,NA
GSE87441,GSE87441_gene_exp_CTRL_HDAC2-KD_statistics.txt.gz,bimodal,NA,NA,NA
GSE87441,GSE87441_gene_exp_CTRL_SP3-KD_statistics.txt.gz,bimodal,NA,NA,NA
GSE89165,GSE89165_expression_table.txt.gz,bimodal,NA,NA,NA
GSE90921,GSE90921_deseq_res.txt.gz,bimodal,NA,NA,NA
GSE93686,GSE93686_plankvsbioraw.csv.gz,bimodal,NA,NA,NA
GSE94252,GSE94252_gene_exp.diff.gz,bimodal,NA,NA,NA
GSE94814,GSE94814_cortex.txt.gz,bimodal,NA,NA,NA
GSE94818,GSE94818_Afu_RNAseq_processed_data.xls.gz-set-0,bimodal,NA,NA,NA
GSE95333,GSE95333_gene_exp_diff.txt.gz,bimodal,NA,NA,NA
GSE96552,GSE96552_cont_SP-vs-SR_gene_exp.diff.gz,bimodal,NA,NA,NA
GSE96945,GSE96945_WT-1_WT-2.vs.OX-1_OX-2.xls.gz,bimodal,NA,NA,NA
GSE97027,GSE97027_2017RNAseq_Cdk8Tg_gene_exp.txt.gz,bimodal,NA,NA,NA
GSE97443,GSE97443_KnockDown2_vs_Control2.all.gene.result.txt.gz,bimodal,NA,anti-conservative,0.9843500458623524
GSE97623,GSE97623_Prepub_vs_Pub.Differential_analysis_results.txt.gz,bimodal,NA,NA,NA
GSE97738,GSE97738_hypothalamic_DEG.xls.gz-sheet-origin,bimodal,NA,NA,NA
GSE97792,GSE97792_W5_panW5.txt.gz,bimodal,NA,NA,NA
GSE98045,GSE98045_genes_differential_exp.txt.gz,bimodal,NA,NA,NA
GSE98219,GSE98219_PAS_seq_all_gene_expression.xlsx-sheet-all_gene_list,bimodal,NA,NA,NA
GSE98258,GSE98258_annotated_diffana_exp++_p100++-p30++.txt.gz,bimodal,NA,NA,NA
GSE98258,GSE98258_annotated_diffana_exp+-_p100+--p30+-.xlsx,bimodal,NA,NA,NA
GSE99263,GSE99263_RNA-seq_RPKM_HCT-116_siAPC_vs_untreated_cuffDiff.txt.gz,bimodal,NA,NA,NA
GSE99304,GSE99304_U2OSSGcuffdiff.txt.gz,bimodal,NA,NA,NA
GSE99490,GSE99490_gene_exp.diff.gz,bimodal,NA,NA,NA
GSE100092,GSE100092_cds.diff.gz,conservative,NA,NA,NA
GSE100092,GSE100092_cds_exp.diff.gz,conservative,NA,NA,NA
GSE100092,GSE100092_gene_exp.diff.gz,conservative,NA,NA,NA
GSE100092,GSE100092_isoform_exp.diff.gz,conservative,NA,NA,NA
GSE100092,GSE100092_promoters.diff.gz,conservative,NA,NA,NA
GSE100092,GSE100092_splicing.diff.gz,conservative,NA,NA,NA
GSE100092,GSE100092_tss_group_exp.diff.gz,conservative,NA,NA,NA
GSE100277,GSE100277_Mett3_gene_exp.diff.gz,conservative,NA,NA,NA
GSE100332,GSE100332_Input_Mett3gene_exp.diff.gz,conservative,NA,NA,NA
GSE100421,GSE100421_WTvsOE_Cuffdiff_gene_exp.xlsx,conservative,NA,NA,NA
GSE100484,GSE100484_HL-60_Parental_vs_JMJD3_KO.diff.exp.xls.gz,conservative,NA,NA,NA
GSE100632,GSE100632_gene_exp.diff.txt.gz,conservative,NA,NA,NA
GSE100908,GSE100908_Gene_expression_SHP_vs_SLP.xlsx,conservative,NA,NA,NA
GSE100954,GSE100954_WTvs3aKO_gene_exp.diff.gz,conservative,NA,NA,NA
GSE100954,GSE100954_WTvsDKO13_gene_exp.diff.gz,conservative,NA,NA,NA
GSE100954,GSE100954_WTvsTet1KO_gene_exp.diff.gz,conservative,NA,NA,NA
GSE101510,GSE101510_IRF4_master_table.csv.gz,conservative,NA,NA,NA
GSE101545,GSE101545_DiffExpr_diet_sw1_versus_control.xlsx,conservative,NA,other,NA
GSE101545,GSE101545_DiffExpr_diet_sw1_versus_control_Ssal_ref.xlsx,conservative,NA,NA,NA
GSE101545,GSE101545_DiffExpr_diet_sw2_versus_control.xlsx,conservative,NA,NA,NA
GSE101545,GSE101545_DiffExpr_diet_sw2_versus_control_Ssal_ref.xlsx,conservative,NA,NA,NA
GSE101605,GSE101605_gene_exp.diff.txt.gz,conservative,NA,NA,NA
GSE101664,GSE101664_Darz2r_gene_exp.diff.gz,conservative,NA,NA,NA
GSE101664,GSE101664_Dmel2r_gene_exp.diff.gz,conservative,NA,NA,NA
GSE101664,GSE101664_Dmoj2r_gene_exp.diff.gz,conservative,NA,NA,NA
GSE101762,GSE101762_srt1srt2_arivsC2H4.xlsx,conservative,NA,NA,NA
GSE101801,GSE101801_gene_exp.diff.gz,conservative,NA,NA,NA
GSE101833,GSE101833_ETS1_gene_exp_all.txt.gz,conservative,NA,NA,NA
GSE101868,GSE101868_Human_Macrophages_Epithelium.txt.gz-set-0,conservative,NA,NA,NA
GSE102138,GSE102138_Protein_Coding_Genes.txt.gz-set-0,conservative,NA,NA,NA
GSE102138,GSE102138_Protein_Coding_Genes.txt.gz-set-1,conservative,NA,NA,NA
GSE102138,GSE102138_Protein_Coding_Genes.txt.gz-set-2,conservative,NA,NA,NA
GSE102141,GSE102141_CYTB_gene_exp_diff.txt.gz,conservative,NA,NA,NA
GSE102221,GSE102221_DESeq_silver_uninfected_vs_silver_infected.xlsx,conservative,NA,NA,NA
GSE102231,GSE102231_ITeffhi_vs_ITefflo.gene_exp.diff.gz,conservative,NA,NA,NA
GSE102231,GSE102231_STreghi_vs_ITreghi.gene_exp.diff.gz,conservative,NA,NA,NA
GSE102231,GSE102231_STreghi_vs_STreglo.gene_exp.diff.gz,conservative,NA,NA,NA
GSE102231,GSE102231_STreglo_vs_ITreglo.gene_exp.diff.gz,conservative,NA,NA,NA
GSE102231,GSE102231_STregs_vs_ITreghi.gene_exp.diff.gz,conservative,NA,NA,NA
GSE102231,GSE102231_STregs_vs_ITreglo.gene_exp.diff.gz,conservative,NA,NA,NA
GSE102421,GSE102421_isoform_exp.diff.xlsx,conservative,NA,NA,NA
GSE102546,GSE102546_cuffdiff.gene_exp.diff.gz,conservative,NA,NA,NA
GSE102606,GSE102606_tail_siblings_mutants.txt.gz,conservative,NA,NA,NA
GSE102780,GSE102780_SmallRNA.CD95L.50hrs.HeyA8.xlsx,conservative,NA,NA,NA
GSE102987,GSE102987_klph_ko_wt_gene_exp.diff.gz,conservative,NA,NA,NA
GSE103167,GSE103167_rat_gene_exp_diff_ensemble_anno.xlsx-sheet-Sheet1,conservative,NA,NA,NA
GSE103207,GSE103207_ALV_J36h_vs_NC36h.Differential_analysis_results.xlsx-sheet-Sheet1,conservative,NA,NA,NA
GSE103207,GSE103207_ALV_J3h_vs_NC3h.Differential_analysis_results.xlsx-sheet-Sheet1,conservative,NA,NA,NA
GSE103742,GSE103742_CUFFDIFF_PLZF_SFD.txt.gz,conservative,NA,NA,NA
GSE103914,GSE103914_ZLD_differential_gene_expression.csv.gz,conservative,NA,NA,NA
GSE103923,GSE103923_Unstr_DE_All_WT_vs_MUT_NormCounts.txt.gz,conservative,NA,NA,NA
GSE103949,GSE103949_Liver-RNASeq.diff.gz,conservative,NA,NA,NA
GSE103999,GSE103999_mStromal_WTvHet_gene_exp.diff.gz,conservative,NA,NA,NA
GSE104090,GSE104090_Isoform_processed_data.xlsx,conservative,NA,NA,NA
GSE104090,GSE104090_Processed_data.xlsx-sheet-gene_exp.diff,conservative,NA,NA,NA
GSE104286,GSE104286_Gene_differential_expression.xlsx,conservative,NA,NA,NA
GSE104290,GSE104290_gene_exp.diff.gz,conservative,NA,NA,NA
GSE104336,GSE104336_nm-vs-hf_rna-seq_raw_data_Fall_2016.csv.gz,conservative,NA,NA,NA
GSE104336,GSE104336_nm-vs-hs_rna-seq_raw_data_Fall_2016.csv.gz,conservative,NA,NA,NA
GSE104422,GSE104422_C_OA_Cuffdiff.txt.gz,conservative,NA,NA,NA
GSE104518,GSE104518_Combined_1d-WT_1d-SIG_7d-WT_7d-SIG.txt.gz-set-0,conservative,NA,NA,NA
GSE104527,GSE104527_CCD11_vs_Control_gene_differential_expression.xlsx,conservative,NA,NA,NA
GSE104607,GSE104607_Fold_change_Data_and_other_analysis_File.xlsx.gz-sheet-all,conservative,NA,NA,NA
GSE105788,GSE105788_WBvsNW_AP_isoform.txt.gz,conservative,NA,NA,NA
GSE105789,GSE105789_F4-80negvsCD301bMphage_isoform.txt.gz,conservative,NA,NA,NA
GSE106259,GSE106259_gene_exp.txt.gz,conservative,NA,NA,NA
GSE106365,GSE106365_S2.L7vsControl.Differential_analysis_results.txt.gz,conservative,NA,NA,NA
GSE106440,GSE106440_gene_exp.diff.gz,conservative,NA,NA,NA
GSE106445,GSE106445_gene_exp.diff.xlsx,conservative,NA,NA,NA
GSE106467,GSE106467_Isl-4R_vs_Isl-m1-Treg.gene_exp.csv.gz,conservative,NA,NA,NA
GSE106467,GSE106467_Isl-4R_vs_Spl-4R.gene_exp.csv.gz,conservative,NA,NA,NA
GSE106467,GSE106467_Isl-m1-Treg_vs_Spl-mR.gene_exp.csv.gz,conservative,NA,NA,NA
GSE106467,GSE106467_Spl-4R_vs_Spl-mR.gene_exp.csv.gz,conservative,NA,NA,NA
GSE106488,GSE106488_gene_exp.diff.gz,conservative,NA,NA,NA
GSE106605,GSE106605_gene_exp.diff.gz,conservative,NA,NA,NA
GSE106768,GSE106768_WT-YPD_v_htl1d-YPD_gene_differential_expression_testing.txt.gz,conservative,NA,NA,NA
GSE106768,GSE106768_WT-YPGR_v_WT-YPD_gene_differential_expression_testing.txt.gz,conservative,NA,NA,NA
GSE106768,GSE106768_WT-YPGR_v_htl1d-YPGR_gene_differential_expression_testing.txt.gz,conservative,NA,NA,NA
GSE106768,GSE106768_WT_v_htl1d_gene_differential_expression_testing.txt.gz,conservative,NA,NA,NA
GSE106768,GSE106768_WT_v_npl6d_gene_differential_expression_testing.txt.gz,conservative,NA,NA,NA
GSE106768,GSE106768_WT_v_rsc1d_gene_differential_expression_testing.txt.gz,conservative,NA,NA,NA
GSE106768,GSE106768_WT_v_rsc2d_gene_differential_expression_testing.txt.gz,conservative,NA,NA,NA
GSE106768,GSE106768_WT_v_rtt102d_gene_differential_expression_testing.txt.gz,conservative,NA,NA,NA
GSE106768,GSE106768_htl1d-YPGR_v_htl1d-YPD_gene_differential_expression_testing.txt.gz,conservative,NA,NA,NA
GSE106845,GSE106845_cds_exp.diff.txt.gz,conservative,NA,NA,NA
GSE107133,GSE107133_20141113_Rodriguez_Maize_MACE.txt.gz-set-0,conservative,NA,NA,NA
GSE107199,GSE107199_polyIC_vs._WT_ctrl_all.xlsx.gz-set-1,conservative,NA,NA,NA
GSE107389,GSE107389_NTC.xlsx,conservative,NA,NA,NA
GSE107391,GSE107391_RNAseq_gene_differential_expression_testing.tabular.txt.gz,conservative,NA,NA,NA
GSE107391,GSE107391_RNAseq_transcript_differential_expression_testing.tabular.txt.gz,conservative,NA,NA,NA
GSE107434,GSE107434_RNASeq-mice-CTX-6week_cuffdiff_KOvsWT_genes.txt.gz,conservative,NA,NA,NA
GSE107434,GSE107434_RNASeq-mice-CTX-6week_cuffdiff_KOvsWT_isoforms.txt.gz,conservative,NA,NA,NA
GSE107529,GSE107529_gene_expression_level.xlsx-sheet-Sheet1,conservative,NA,NA,NA
GSE107529,GSE107529_gene_expression_level.xlsx-sheet-sevgal4 vs sevgal4rasv12,conservative,NA,NA,NA
GSE107529,GSE107529_gene_expression_level.xlsx-sheet-sevgal4 vs sevgal4rasv12wrnai,conservative,NA,NA,NA
GSE107529,GSE107529_gene_expression_level.xlsx-sheet-sevgal4rasv12 vs rasv12wrnai,conservative,NA,NA,NA
GSE107529,GSE107529_gene_expression_level.xlsx-sheet-sevgal4 vs rasv12ep3037,conservative,NA,NA,NA
GSE107529,GSE107529_gene_expression_level.xlsx-sheet-rasv12 vs rasv12EP3037,conservative,NA,NA,NA
GSE107529,GSE107529_gene_expression_level.xlsx-sheet-rasv12wrnai vs rasv12EP3037,conservative,NA,NA,NA
GSE107564,GSE107564_control.vs.shIMP_75_treated.txt.gz,conservative,NA,NA,NA
GSE107564,GSE107564_control.vs.shIMP_77_treated.txt.gz,conservative,NA,NA,NA
GSE107578,GSE107578_gene_exp.diff.gz,conservative,NA,NA,NA
GSE107762,GSE107762_gene_exp.diff.txt.gz,conservative,NA,NA,NA
GSE108005,GSE108005_gene_exp.diff.gz,conservative,NA,NA,NA
GSE108094,GSE108094_gene_exp.diff.gz,conservative,NA,NA,NA
GSE108347,GSE108347_gene_exp.diff.gz,conservative,NA,NA,NA
GSE108418,GSE108418_tagged_EZH2_T372E_overexpression_vs_overexpressing_cells.DESeq2_Results.xlsx,conservative,NA,other,NA
GSE108418,GSE108418_tagged_EZH2_T372E_overexpression_vs_tagged_EZH2_T372A_overexpression.DESeq2_Results.xlsx,conservative,NA,NA,NA
GSE108451,GSE108451_metaseqr_colvip75ffdare_wt_sfs.txt.gz,conservative,NA,NA,NA
GSE108451,GSE108451_metaseqr_colvip75ffdare_wt_vics.txt.gz,conservative,NA,NA,NA
GSE108451,GSE108451_metaseqr_dare_wt_sfs.txt.gz,conservative,NA,NA,NA
GSE108451,GSE108451_metaseqr_dare_wt_vics.txt.gz,conservative,NA,NA,NA
GSE108662,GSE108662_KD_vs_NT_cuffdiff_gene_exp.txt.gz,conservative,NA,NA,NA
GSE108676,GSE108676_Human_gene_exp.diff.gz,conservative,NA,NA,NA
GSE108678,GSE108678_PIPELINE_2_ALL_DATA.xlsx,conservative,NA,NA,NA
GSE108794,GSE108794_ESC_Differentiation_RNA-Seq.xlsx-sheet-noDox vs NLS,conservative,NA,NA,NA
GSE108798,GSE108798_CNOT1_CNOT7_shRNA.xlsx-sheet-noTarget vs CNOT1,conservative,NA,NA,NA
GSE108798,GSE108798_CNOT1_CNOT7_shRNA.xlsx-sheet-noTarget vs CNOT7,conservative,NA,NA,NA
GSE108800,GSE108800_Chr_dox_noDox_gene_exp.xlsx,conservative,NA,NA,NA
GSE108836,GSE108836_gene_expSC_DC.txt.gz,conservative,NA,NA,NA
GSE108836,GSE108836_gene_expSS_DS.txt.gz,conservative,NA,NA,NA
GSE108836,GSE108836_gene_expSS_SC.txt.gz,conservative,NA,NA,NA
GSE109065,GSE109065_Root_Cuffdiff_result.txt.gz,conservative,NA,NA,NA
GSE109111,GSE109111_CuffDiff_DGE_genes.txt.gz,conservative,NA,NA,NA
GSE109111,GSE109111_NTC_KD_DESeq_analysis_Result_Table.txt.gz,conservative,NA,NA,NA
GSE109111,GSE109111_WT_NTC_DESeq_analysis_Result_Table.txt.gz,conservative,NA,NA,NA
GSE109443,GSE109443_CRTC3-Bko-SVF_gene_exp.diff.gz,conservative,NA,NA,NA
GSE109472,GSE109472_gene_exp.diff.gz,conservative,NA,NA,NA
GSE109522,GSE109522_gene_exp.diff.gz,conservative,NA,NA,NA
GSE109753,GSE109753_gene_exp.diff.gz,conservative,NA,NA,NA
GSE109754,GSE109754_gene_exp.diff.gz,conservative,NA,NA,NA
GSE109806,GSE109806_MockVsRalt_gene_exp.diff.gz,conservative,NA,NA,NA
GSE109870,GSE109870_gene_exp.diff.gz,conservative,NA,NA,NA
GSE110045,GSE110045_Ctrl_vs_DAC_diff_expr.xlsx.gz,conservative,NA,NA,NA
GSE110045,GSE110045_Ctrl_vs_PARA_DAC_diff_expr.xlsx.gz,conservative,NA,other,NA
GSE110045,GSE110045_Ctrl_vs_PARA_diff_expr.xlsx.gz,conservative,NA,other,NA
GSE110334,GSE110334_NSMRep1_gene_exp.diff.gz,conservative,NA,NA,NA
GSE110334,GSE110334_NSMRep2_gene_exp.diff.gz,conservative,NA,NA,NA
GSE110334,GSE110334_NSMRep3_gene_exp.diff.gz,conservative,NA,NA,NA
GSE110677,GSE110677_HMEC_RNAseq.DiffGeneExp.tdt.txt.gz,conservative,NA,NA,NA
GSE110998,GSE110998_gene_exp_N2_vs_fog2_N6_PC_GEO.xlsx.gz-sheet-gene_exp.diff,conservative,NA,NA,NA
GSE110998,GSE110998_gene_exp_N2_vs_fog2_dT_PC_GEO.xlsx.gz-sheet-gene_exp.diff,conservative,NA,NA,NA
GSE111244,GSE111244_gene_exp.diff.Th0_48h.txt.gz,conservative,NA,NA,NA
GSE111244,GSE111244_gene_exp.diff.Th17_48h.txt.gz,conservative,NA,NA,NA
GSE111294,GSE111294_female_gene_exp.diff.gz,conservative,NA,NA,NA
GSE111294,GSE111294_male_gene_exp.diff.gz,conservative,NA,NA,NA
GSE111792,GSE111792_cuffdiff_seedlingB73_FPKMvalues.txt.gz,conservative,NA,NA,NA
GSE111911,GSE111911_gene_exp.diff.gz,conservative,NA,NA,NA
GSE112248,GSE112248_1_vs_2.diff.exp.txt.annot.txt.gz,conservative,NA,NA,NA
GSE112649,GSE112649_TAC_tree_RNAseq_processed_data_CLC_DEG_output.txt.gz-set-1,conservative,NA,NA,NA
GSE112778,GSE112778_WT_KO_TFH_CD2AP_Differential.txt.gz,conservative,NA,NA,NA
GSE112936,GSE112936_Galaxy33-_OG1RF_R6_R7_D983_R4_R5_transcript_differential_expression_testing_.txt.gz,conservative,NA,NA,NA
GSE112936,GSE112936_Galaxy73-_OG1RF_vs_D983_BHI_transcript_differential_expression_testing_.txt.gz,conservative,NA,NA,NA
GSE113085,GSE113085_gene_exp.diff.gz,conservative,NA,NA,NA
GSE113114,GSE113114_Het_vs_KO.txt.gz,conservative,NA,NA,NA
GSE113240,GSE113240_eworo_vs_OreR_gene_exp_diff_Cuffdiff.txt.gz,conservative,NA,NA,NA
GSE113400,GSE113400_all_FPKM_expression.txt.gz,conservative,NA,NA,NA
GSE113648,GSE113648_RNAseq_HGPS_cell_lines_vs_control.xlsx,conservative,NA,NA,NA
GSE113688,GSE113688_HDP_4days_Gene_Exp.txt.gz,conservative,NA,NA,NA
GSE113688,GSE113688_JunB_WT_KO_Gene_Exp.txt.gz,conservative,NA,NA,NA
GSE113688,GSE113688_WH_30days_Gene_Exp.txt.gz,conservative,NA,NA,NA
GSE114034,GSE114034_processed_data.txt.gz,conservative,NA,NA,NA
GSE114189,GSE114189_msc_lps_0_6_24_hrs_gene_exp.txt.gz,conservative,NA,NA,NA
GSE114987,GSE114987_gene.txt.gz,conservative,NA,NA,NA
GSE114998,GSE114998_Spreadsheet1_CT_Repbase.xlsx,conservative,NA,NA,NA
GSE115172,GSE115172_WTAvsRes4.txt.gz,conservative,NA,conservative,NA
GSE115349,GSE115349_PD09_v_PD11.batch1.novel.gene_exp.diff.txt.gz,conservative,NA,NA,NA
GSE115349,GSE115349_PD09_v_PD12.batch1.novel.gene_exp.diff.txt.gz,conservative,NA,NA,NA
GSE115349,GSE115349_PD10_v_PD11.batch1.novel.gene_exp.diff.txt.gz,conservative,NA,NA,NA
GSE115349,GSE115349_PD10_v_PD12.batch1.novel.gene_exp.diff.txt.gz,conservative,NA,NA,NA
GSE115349,GSE115349_PD11_v_PD12.batch1.novel.gene_exp.diff.txt.gz,conservative,NA,NA,NA
GSE115349,GSE115349_PD19_v_PD20.batch2.novel.gene_exp.diff.txt.gz,conservative,NA,NA,NA
GSE115349,GSE115349_PD19_v_PD21.batch2.novel.gene_exp.diff.txt.gz,conservative,NA,NA,NA
GSE115349,GSE115349_PD19_v_PD22.batch2.novel.gene_exp.diff.txt.gz,conservative,NA,NA,NA
GSE115349,GSE115349_PD20_v_PD21.batch2.novel.gene_exp.diff.txt.gz,conservative,NA,NA,NA
GSE115349,GSE115349_PD20_v_PD22.batch2.novel.gene_exp.diff.txt.gz,conservative,NA,NA,NA
GSE115349,GSE115349_PD21_v_PD22.batch2.novel.gene_exp.diff.txt.gz,conservative,NA,NA,NA
GSE115349,GSE115349_PD28_v_PD29.batch3.novel.gene_exp.diff.txt.gz,conservative,NA,NA,NA
GSE115349,GSE115349_PD28_v_PD31.batch3.novel.gene_exp.diff.txt.gz,conservative,NA,NA,NA
GSE115349,GSE115349_PD29_v_PD30.batch3.novel.gene_exp.diff.txt.gz,conservative,NA,NA,NA
GSE115349,GSE115349_PD29_v_PD31.batch3.novel.gene_exp.diff.txt.gz,conservative,NA,NA,NA
GSE115349,GSE115349_PD30_v_PD31.batch3.novel.gene_exp.diff.txt.gz,conservative,NA,NA,NA
GSE115498,GSE115498_cuffdiff_2mmTassel_FPKMvalues.txt.gz,conservative,NA,NA,NA
GSE115554,GSE115554_RNAseq_Isoformsdiff_pilot.xlsx,conservative,NA,NA,NA
GSE115737,GSE115737_All_genes.xlsx,conservative,NA,NA,NA
GSE115739,GSE115739_G3gg.gene_exp.diff.txt.gz,conservative,NA,NA,NA
GSE115740,GSE115740_GW.fpkm.xlsx-sheet-White_V_Green,conservative,NA,NA,NA
GSE115740,GSE115740_GW.fpkm.xlsx-sheet-White_2_V_green_2,conservative,NA,NA,NA
GSE115743,GSE115743_TgCd2G3.fpkm.txt.gz,conservative,NA,NA,NA
GSE115845,GSE115845_gene_exp.diff.gz,conservative,NA,NA,NA
GSE116087,GSE116087_GD-WT_vs_CM-WT.gene_exp.diff.tsv.gz,conservative,NA,NA,NA
GSE116476,GSE116476_gene_expression_level.xlsx-sheet-sevgal4uasgfp vs sevgal4wrnai,conservative,NA,NA,NA
GSE116476,GSE116476_gene_expression_level.xlsx-sheet-sevgal4EP3037 vs sevgal4GFP,conservative,NA,NA,NA
GSE116499,GSE116499_Control_NB4_vs_JMJD3_NB4.diff.exp.annot.txt.gz,conservative,NA,NA,NA
GSE116607,GSE116607_set1_set2_invitro_CD8_GFP_Minus_plus_gene_differential_expression.xlsx-sheet-gene_exp,conservative,NA,NA,NA
GSE116610,GSE116610_gene_expression_level.xlsx-sheet-wt vs hsrw66,conservative,NA,NA,NA
GSE116610,GSE116610_gene_expression_level.xlsx-sheet-wt vs hsp90,conservative,NA,NA,NA
GSE116610,GSE116610_gene_expression_level.xlsx-sheet-hsrw66 vs hsp90,conservative,NA,NA,NA
GSE116650,GSE116650_gene_exp.diff.txt.gz,conservative,NA,NA,NA
GSE117559,GSE117559_gene_exp.diff.gz,conservative,NA,NA,NA
GSE117632,GSE117632_387_Hypoxia_vs_Normoxia_RNAseq_Processed.xlsx.gz,conservative,NA,NA,NA
GSE117682,GSE117682_gene_exp.diff.gz,conservative,NA,NA,NA
GSE118108,GSE118108_4groups_gene_exp.diff.gz,conservative,NA,NA,NA
GSE118108,GSE118108_PreVPost_gene_exp.diff.gz,conservative,NA,NA,NA
GSE118239,GSE118239_RP.gene_exp.diff.gz,conservative,NA,NA,NA
GSE118239,GSE118239_RS.gene_exp.diff.gz,conservative,NA,NA,NA
GSE118371,GSE118371_gene_exp_ColxCol_hdg3Col.txt.gz,conservative,NA,NA,NA
GSE118566,GSE118566_gene_exp.diff.gz,conservative,NA,NA,NA
GSE118592,GSE118592_day10_results.txt.gz,conservative,NA,NA,NA
GSE118656,GSE118656_schulman_acldl_v_veh_interaction_results-genelist_1_.csv.gz,conservative,NA,NA,NA
GSE118656,GSE118656_schulman_gw_v_veh_interaction_results-genelist_1_.csv.gz,conservative,NA,NA,NA
GSE118656,GSE118656_schulman_kla_v_veh_interaction_results-genelist_2_.csv.gz,conservative,NA,NA,NA
GSE119422,GSE119422_WTvBmi1gene_exp.diff.gz,conservative,NA,NA,NA
GSE120241,GSE120241_gene_description.txt.gz-set-1,conservative,NA,NA,NA
GSE120293,GSE120293_CDYL-Processed_data.txt.gz,conservative,NA,NA,NA
GSE120293,GSE120293_CSDS-Processed_data.txt.gz,conservative,NA,NA,NA
GSE120844,GSE120844_DEG_CTRL_IFNG.txt.gz,conservative,NA,NA,NA
GSE120844,GSE120844_DEG_CTRL_POMALYST.txt.gz,conservative,NA,NA,NA
GSE120844,GSE120844_DEG_CTRL_POMIFNG.txt.gz,conservative,NA,NA,NA
GSE120844,GSE120844_DEG_IFNG_POMIFNG.txt.gz,conservative,NA,NA,NA
GSE120844,GSE120844_DEG_POMALYST_POMIFNG.txt.gz,conservative,NA,NA,NA
GSE121241,GSE121241_Differential_Gene_Expression_CuffDiff.txt.gz,conservative,NA,NA,NA
GSE122139,GSE122139_DEseq_SW001_SW002_DEG_list.csv.gz,conservative,NA,uniform,NA
GSE122210,GSE122210_DMSO_vs_CKBA.diff.exp.annot.xls.gz,conservative,NA,NA,NA
GSE122665,GSE122665_PP6fl_flmKC_vs_cKOmKC.diff.exp.annot.txt.gz,conservative,NA,NA,NA
GSE122950,GSE122950_isoform_exp_diff.xls.gz-sheet-Control_vs_Treated,conservative,NA,NA,NA
GSE122992,GSE122992_DEseq_AR6-AR7-AR13-AR19_AR8-AR9-AR17-AR24_DEG_list.csv.gz,conservative,NA,NA,NA
GSE123017,GSE123017_IMCD3_gene_exp_diff.csv.gz,conservative,NA,NA,NA
GSE123017,GSE123017_RPE1_gene_exp_diff.csv.gz,conservative,NA,NA,NA
GSE123186,GSE123186_Lanno_et_al_2018_Cuffdiff.txt.gz,conservative,NA,NA,NA
GSE123277,GSE123277_Control_vs_Deferasirox_Treated.diff.gz,conservative,NA,NA,NA
GSE41487,GSE41487_ResultsContr123vsRas123Individual.xls.gz-sheet-Contr vs Ras1,conservative,NA,NA,NA
GSE41487,GSE41487_ResultsContr123vsRas123Individual.xls.gz-sheet-Contr vs Ras2,conservative,NA,NA,NA
GSE41487,GSE41487_ResultsContr123vsRas123Individual.xls.gz-sheet-Contr vs Ras3,conservative,NA,NA,NA
GSE46323,GSE46323_A_adipose_gene_exp.xls.gz-sheet-adipose_75M,conservative,NA,NA,NA
GSE46323,GSE46323_A_adipose_gene_exp.xls.gz-sheet-adipose_50M,conservative,NA,NA,NA
GSE46323,GSE46323_A_adipose_gene_exp.xls.gz-sheet-adipose_25M,conservative,NA,NA,NA
GSE46323,GSE46323_A_adipose_gene_exp.xls.gz-sheet-adipose_20M,conservative,NA,NA,NA
GSE46323,GSE46323_A_adipose_gene_exp.xls.gz-sheet-adipose_15M,conservative,NA,NA,NA
GSE46323,GSE46323_A_adipose_gene_exp.xls.gz-sheet-adipose_10M,conservative,NA,NA,NA
GSE46323,GSE46323_A_adipose_gene_exp.xls.gz-sheet-adipose_5M,conservative,NA,NA,NA
GSE46323,GSE46323_A_adipose_gene_exp_simluation_10M.xls.gz-sheet-adipose_10M_round1,conservative,NA,NA,NA
GSE46323,GSE46323_A_adipose_gene_exp_simluation_10M.xls.gz-sheet-adipose_10M_round2,conservative,NA,NA,NA
GSE46323,GSE46323_A_adipose_gene_exp_simluation_10M.xls.gz-sheet-adipose_10M_round3,conservative,NA,NA,NA
GSE46323,GSE46323_A_adipose_gene_exp_simluation_10M.xls.gz-sheet-adipose_10M_round4,conservative,NA,NA,NA
GSE46323,GSE46323_A_adipose_gene_exp_simluation_10M.xls.gz-sheet-adipose_10M_round5,conservative,NA,NA,NA
GSE46323,GSE46323_A_adipose_gene_exp_simluation_10M.xls.gz-sheet-adipose_10M_round6,conservative,NA,NA,NA
GSE46323,GSE46323_A_adipose_gene_exp_simluation_10M.xls.gz-sheet-adipose_10M_round7,conservative,NA,NA,NA
GSE46323,GSE46323_A_adipose_gene_exp_simluation_10M.xls.gz-sheet-adipose_10M_round8,conservative,NA,NA,NA
GSE46323,GSE46323_A_adipose_gene_exp_simluation_10M.xls.gz-sheet-adipose_10M_round9,conservative,NA,NA,NA
GSE46323,GSE46323_A_adipose_gene_exp_simluation_10M.xls.gz-sheet-adipose_10M_round10,conservative,NA,NA,NA
GSE49295,GSE49295_isoform_exp_diff.xls.gz-sheet-B_vs_D_isoform_exp_diff,conservative,NA,NA,NA
GSE49295,GSE49295_isoform_exp_diff.xls.gz-sheet-B_vs_E_isoform_exp_diff,conservative,NA,NA,NA
GSE49295,GSE49295_isoform_exp_diff.xls.gz-sheet-C_vs_D_isoform_exp_diff,conservative,NA,NA,NA
GSE49295,GSE49295_isoform_exp_diff.xls.gz-sheet-D_vs_E_isoform_exp_diff,conservative,NA,NA,NA
GSE58662,GSE58662_Processed_Data.xls.gz-set-0,conservative,NA,NA,NA
GSE58662,GSE58662_Processed_Data.xls.gz-set-1,conservative,NA,NA,NA
GSE58662,GSE58662_Processed_Data.xls.gz-set-2,conservative,NA,NA,NA
GSE58662,GSE58662_Processed_Data.xls.gz-set-3,conservative,NA,NA,NA
GSE60538,GSE60538_CuffDiff-Data_Coding.txt.gz,conservative,NA,NA,NA
GSE60538,GSE60538_CuffDiff-Data_Gene.txt.gz,conservative,NA,NA,NA
GSE60538,GSE60538_CuffDiff-Data_Isoform.txt.gz,conservative,NA,NA,NA
GSE60538,GSE60538_CuffDiff-Data_TSS.txt.gz,conservative,NA,NA,NA
GSE61537,GSE61537_ahr-1ia03vsWild-type.xls.gz,conservative,NA,NA,NA
GSE61537,GSE61537_ahr-1ju145vsWild-type.xls.gz,conservative,NA,NA,NA
GSE61955,GSE61955_2hr.txt.gz,conservative,NA,NA,NA
GSE62200,GSE62200_Table_S6.xls.gz,conservative,NA,NA,NA
GSE62563,GSE62563_gene_expression.txt.gz,conservative,NA,NA,NA
GSE66547,GSE66547_20150210-1545-2Cmut_vs_oocyteWt-deResults_gene.xls.gz,conservative,NA,NA,NA
GSE66547,GSE66547_20150210-1545-2Cwt_vs_2Cmut-deResults_gene.xls.gz,conservative,NA,NA,NA
GSE66547,GSE66547_20150210-1545-2Cwt_vs_oocyteWt-deResults_gene.xls.gz,conservative,NA,NA,NA
GSE67745,GSE67745_Eutrema_salsugineum_SH_YK.xlsx,conservative,NA,NA,NA
GSE72286,GSE72286_548B_Ter119+-gene_exp.diff.gz,conservative,NA,NA,NA
GSE72286,GSE72286_560I548B_Ter119+gene_exp.diff.gz,conservative,NA,NA,NA
GSE72286,GSE72286_560I548B_Ter119-gene_exp.diff.gz,conservative,NA,NA,NA
GSE72286,GSE72286_560I_Ter119+-gene_exp.diff.gz,conservative,NA,NA,NA
GSE73615,GSE73615_cds.diff.gz,conservative,NA,NA,NA
GSE73615,GSE73615_cds_exp.diff.gz,conservative,NA,NA,NA
GSE73615,GSE73615_gene_exp.diff.gz,conservative,NA,NA,NA
GSE73615,GSE73615_isoform_exp.diff.gz,conservative,NA,NA,NA
GSE73615,GSE73615_promoters.diff.gz,conservative,NA,NA,NA
GSE73615,GSE73615_tss_group_exp.diff.gz,conservative,NA,NA,NA
GSE76663,GSE76663_cds.diff.gz,conservative,NA,NA,NA
GSE76663,GSE76663_cds_exp.diff.gz,conservative,NA,NA,NA
GSE76663,GSE76663_gene_exp.diff.gz,conservative,NA,NA,NA
GSE76663,GSE76663_isoform_exp.diff.gz,conservative,NA,NA,NA
GSE76663,GSE76663_promoters.diff.gz,conservative,NA,NA,NA
GSE76663,GSE76663_splicing.diff.gz,conservative,NA,NA,NA
GSE76663,GSE76663_tss_group_exp.diff.gz,conservative,NA,NA,NA
GSE76991,GSE76991_Gcn5KD_H2O_DEseq.xls.gz,conservative,NA,NA,NA
GSE78194,GSE78194_Table_s1.xls.gz-sheet-M arr VS con,conservative,NA,NA,NA
GSE78194,GSE78194_Table_s1.xls.gz-sheet-M tra VS arr,conservative,NA,NA,NA
GSE78194,GSE78194_Table_s1.xls.gz-sheet-EC arr VS con,conservative,NA,NA,NA
GSE78194,GSE78194_Table_s1.xls.gz-sheet-EC tra VS arr,conservative,NA,NA,NA
GSE78194,GSE78194_Table_s1.xls.gz-sheet-EC tra VS con,conservative,NA,NA,NA
GSE80554,GSE80554_gene_exp.diff.gz,conservative,NA,NA,NA
GSE81834,GSE81834_489_614_Gametocyte_Cuffdiff.xlsx.gz-sheet-Diff. Transcription,conservative,NA,NA,NA
GSE81834,GSE81834_489_614_oo-spz_CuffDiff.xlsx.gz-sheet-Diff Transcription,conservative,NA,NA,NA
GSE83214,GSE83214_ENAP1ox_ein2_air_vs_C2H4_gene_exp.diff.gz,conservative,NA,NA,NA
GSE83214,GSE83214_ENAP1ox_ein3eil1_air_vs_C2H4_gene_exp.diff.gz,conservative,NA,NA,NA
GSE83214,GSE83214_ein2_air_vs_C2H4_gene_exp.diff.gz,conservative,NA,NA,NA
GSE83214,GSE83214_ein3eil1_air_vs_C2H4_gene_exp.diff.gz,conservative,NA,NA,NA
GSE83360,GSE83360_hg19_CsiRNA_RNF2siRNA_Cuffdiff_on_data_1__data_3__and_data_17_gene_differential_expression_testing.tabular.txt.gz,conservative,NA,NA,NA
GSE83360,GSE83360_hg19_CsiRNA_Rsf1siRNA_Cuffdiff_on_data_1__data_2__and_data_17_gene_differential_expression_testing.tabular.txt.gz,conservative,NA,NA,NA
GSE83360,GSE83360_hg19_Rsf1siRNA_RNF2siRNA_Cuffdiff_on_data_2__data_3__and_data_17_gene_differential_expression_testing.tabular.txt.gz,conservative,NA,NA,NA
GSE83360,GSE83360_mESC_V6.5_gene_differential_expression_testing_.tabular.txt.gz,conservative,NA,NA,NA
GSE83360,GSE83360_mESC_V6.5_transcript_differential_expression_testing_.tabular.txt.gz,conservative,NA,NA,NA
GSE84296,GSE84296_Mouse_diff_exp_total.xls.gz-sheet-Sheet1,conservative,NA,NA,NA
GSE84296,GSE84296_Mouse_diff_exp_total.xls.gz-sheet-VEGFA,conservative,NA,NA,NA
GSE84296,GSE84296_Mouse_diff_exp_total.xls.gz-sheet-CXCR4,conservative,NA,NA,NA
GSE84296,GSE84296_human_diff_exp_total.xls.gz,conservative,NA,NA,NA
GSE84610,GSE84610_mouse_RNAseq_summary.txt.gz,conservative,NA,NA,NA
GSE84786,GSE84786_gene_exp.xls.gz-sheet-gene_exp,conservative,NA,NA,NA
GSE84786,GSE84786_gene_exp.xls.gz-sheet-Fold change,conservative,NA,NA,NA
GSE84933,GSE84933_gene_exp.diff.gz,conservative,NA,NA,NA
GSE85883,GSE85883_CM_D_expression.diff.xlsx-sheet-gene_exp,conservative,NA,NA,NA
GSE85883,GSE85883_CM_L_expression.diff.xlsx-sheet-gene_exp,conservative,NA,NA,NA
GSE86460,GSE86460_EVI1_vs_EVI1GATA2.gene_exp.diff.gz,conservative,NA,NA,NA
GSE86867,GSE86867_WT_quiescent_456_vs_WT_dividing_123.txt.gz,conservative,NA,NA,NA
GSE86907,GSE86907_Ooi_lab_M_musculus_wt_and_drosha_long_cuffdiff_out.txt.gz,conservative,NA,NA,NA
GSE86907,GSE86907_Ooi_lab_M_musculus_wt_and_drosha_mRNA_cuffdiff_out.txt.gz,conservative,NA,NA,NA
GSE86907,GSE86907_Ooi_lab_M_musculus_wt_and_drosha_short_cuffdiff_out.txt.gz,conservative,NA,NA,NA
GSE86909,GSE86909_control_vs_nfia.gene_exp.diff.gz,conservative,NA,NA,NA
GSE86909,GSE86909_control_vs_nfia.isoform_exp.diff.gz,conservative,NA,NA,NA
GSE87071,GSE87071_T0_T60_gene_exp.diff.gz,conservative,NA,NA,NA
GSE87071,GSE87071_T60_T120_gene_exp.diff.gz,conservative,NA,NA,NA
GSE87071,GSE87071_gene_exp.diff.gz,conservative,NA,NA,NA
GSE87855,GSE87855_gene_exp.diff.gz,conservative,NA,NA,NA
GSE89245,GSE89245_2hr_gene_exp.diff.gz,conservative,NA,NA,NA
GSE89245,GSE89245_4hr_gene_exp.diff.gz,conservative,NA,NA,NA
GSE89245,GSE89245_6hr_gene_exp.diff.gz,conservative,NA,NA,NA
GSE89319,GSE89319_6hpf_gene_exp.diff.gz,conservative,NA,NA,NA
GSE89319,GSE89319_7hpf_gene_exp.diff.gz,conservative,NA,NA,NA
GSE89319,GSE89319_4hpf_gene_exp.diff.gz,conservative,NA,NA,NA
GSE89319,GSE89319_5hpf_gene_exp.diff.gz,conservative,NA,NA,NA
GSE89549,GSE89549_gene_exp.xlsx,conservative,NA,NA,NA
GSE89796,GSE89796_161107_Supplementary_Information_FD2MinDiffExp.txt.gz,conservative,NA,NA,NA
GSE89796,GSE89796_161107_Supplementary_Information_FD2ProDiffExp.txt.gz,conservative,NA,NA,NA
GSE89796,GSE89796_161107_Supplementary_Information_hMSCMinDiffExp.txt.gz,conservative,NA,NA,NA
GSE89796,GSE89796_161107_Supplementary_Information_hMSCProDiffExp.txt.gz,conservative,NA,NA,NA
GSE90022,GSE90022_gene_exp.diff.gz,conservative,NA,NA,NA
GSE90899,GSE90899_WTvsUPF1aKO_DEXSeq.csv.gz,conservative,NA,NA,NA
GSE90925,GSE90925_gene_exp.diff.gz,conservative,NA,NA,NA
GSE90969,GSE90969_Master_Deseq_EMC3_AT2.xlsx-sheet-Sheet1-set-0,conservative,NA,NA,NA
GSE91000,GSE91000_gene_exp.diff.gz,conservative,NA,NA,NA
GSE91400,GSE91400_gene_exp.diff.gz,conservative,NA,NA,NA
GSE91400,GSE91400_isoform_exp.diff.gz,conservative,NA,NA,NA
GSE92611,GSE92611_2h_gene_exp.diff.gz,conservative,NA,NA,NA
GSE92611,GSE92611_4h_gene_exp.diff.gz,conservative,NA,NA,NA
GSE92620,GSE92620_J2EvsKLF3_RNA-seq.csv.gz,conservative,NA,NA,NA
GSE92641,GSE92641_Uhrf1_gene_exp.xlsx,conservative,NA,NA,NA
GSE92651,GSE92651_DMS114_Control_DMS114_Resistant_3uM_BGJ_differential_gene_exp.diff.gz,conservative,NA,NA,NA
GSE92651,GSE92651_RT112_Control_RT112_Resistant_5uM_BGJ_CDT_differential_gene_exp.diff.gz,conservative,NA,NA,NA
GSE92887,GSE92887_mouse_PC_hypox_vs_normox_FPKM.txt.gz,conservative,NA,NA,NA
GSE93287,GSE93287_cuffdiff_gene_exp.diff.xlsx-sheet-cuffdiff gene_exp.diff,conservative,NA,NA,NA
GSE93314,GSE93314_E10_G1_vs_S_0.085_.txt.gz,conservative,NA,NA,NA
GSE93314,GSE93314_E10_S_vs_G1_0.085_.txt.gz,conservative,NA,NA,NA
GSE93314,GSE93314_E10_vs_E11_G1_0.085_.txt.gz,conservative,NA,NA,NA
GSE93314,GSE93314_E10_vs_E11_S_0.085_.txt.gz,conservative,NA,NA,NA
GSE93314,GSE93314_E11_G1_vs_S_0.085_.txt.gz,conservative,NA,NA,NA
GSE93314,GSE93314_E11_S_vs_G1_0.085_.txt.gz,conservative,NA,NA,NA
GSE93357,GSE93357_Cuffdiff_output.txt.gz,conservative,NA,NA,NA
GSE93709,GSE93709_EBV-Ramos.txt.gz,conservative,NA,NA,NA
GSE93990,GSE93990_gene_exp.diff.gz,conservative,NA,NA,NA
GSE94355,GSE94355_data_all_expressed.corr.xlsx,conservative,NA,NA,NA
GSE94390,GSE94390_gene_expression.xls.gz-sheet-Named Genes,conservative,NA,NA,NA
GSE94722,GSE94722_Mixed_vs_Media_genes.txt.gz,conservative,NA,NA,NA
GSE94722,GSE94722_PA_vs_Media_genes.txt.gz,conservative,NA,NA,NA
GSE94722,GSE94722_SA_vs_Media_genes.txt.gz,conservative,NA,NA,NA
GSE94724,GSE94724_gene_exp.diff.gz,conservative,NA,NA,NA
GSE94814,GSE94814_subcortex.txt.gz,conservative,NA,NA,NA
GSE94853,GSE94853_genes_differentialexpression_matrix.txt.gz,conservative,NA,NA,NA
GSE94907,GSE94907_HC-ATB.txt.gz,conservative,NA,NA,NA
GSE94907,GSE94907_HC-LTBI.txt.gz,conservative,NA,NA,NA
GSE94907,GSE94907_LTBI-ATB.txt.gz,conservative,NA,NA,NA
GSE95056,GSE95056_Cortex_cds_exp_diff.txt.gz,conservative,NA,NA,NA
GSE95056,GSE95056_Hippo_cds_exp_diff.txt.gz,conservative,NA,NA,NA
GSE95371,GSE95371_gene_exp.diff.gz,conservative,NA,NA,NA
GSE95629,GSE95629_OvpvsCtrl.Differential_analysis_results_processed_data_.txt.gz,conservative,NA,NA,NA
GSE95814,GSE95814_gene_exp_CC.xlsx-sheet-gene_exp_CC_4_CC_5,conservative,NA,NA,NA
GSE95852,GSE95852_miRNA_wt_ko_p11.diff.gz,conservative,NA,NA,NA
GSE95852,GSE95852_miRNA_wt_ko_p27.diff.gz,conservative,NA,NA,NA
GSE95852,GSE95852_miRNA_wt_ko_p5.diff.gz,conservative,NA,NA,NA
GSE96552,GSE96552_SP_cont-vs-cKO_gene_exp.diff.gz,conservative,NA,NA,NA
GSE96552,GSE96552_cKO_SP-vs-SR_gene_exp.diff.gz,conservative,NA,NA,NA
GSE96684,GSE96684_Cuffdiff_4WT_4Mecp2_null_gene_differential_expression_testing.tabular.txt.gz,conservative,NA,NA,NA
GSE96722,GSE96722_F1N-hippocampus_cuffdiff.xls.gz,conservative,NA,NA,NA
GSE97021,GSE97021_WT_KO_RNAseq_cuffdiff_gene_exp.diff.gz,conservative,NA,NA,NA
GSE97769,GSE97769_Diff_Exp_Results_24_0-vs-24_1_2.txt.gz,conservative,NA,NA,NA
GSE97769,GSE97769_Diff_Exp_Results_24_0-vs-24_6.txt.gz,conservative,NA,NA,NA
GSE97769,GSE97769_Diff_Exp_Results_24_6-vs-24_0.txt.gz,conservative,NA,NA,NA
GSE97769,GSE97769_Diff_Exp_Results_24_6-vs-36_0.txt.gz,conservative,NA,NA,NA
GSE97769,GSE97769_Diff_Exp_Results_24_6-vs-72_0.txt.gz,conservative,NA,NA,NA
GSE97769,GSE97769_Diff_Exp_Results_36_0-vs-36_1_2.txt.gz,conservative,NA,NA,NA
GSE97769,GSE97769_Diff_Exp_Results_72_0-vs-72_1_2.txt.gz,conservative,NA,NA,NA
GSE97795,GSE97795_gene_exp.diff.gz,conservative,NA,NA,NA
GSE97868,GSE97868_Suppl_Diff_Exp_Results_24_0-vs-72_0.txt.gz,conservative,NA,NA,NA
GSE97868,GSE97868_Suppl_Diff_Exp_Results_24_6-vs-24_0.txt.gz,conservative,NA,NA,NA
GSE97868,GSE97868_Suppl_Diff_Exp_Results_24_6-vs-36_0.txt.gz,conservative,NA,NA,NA
GSE97868,GSE97868_Suppl_Diff_Exp_Results_24_6-vs-72_0.txt.gz,conservative,NA,NA,NA
GSE97868,GSE97868_Suppl_Diff_Exp_Results_36_0-vs-72_0.txt.gz,conservative,NA,NA,NA
GSE97980,GSE97980_N2_vs_nlg.xlsx-sheet-N2vsnlg_DE,conservative,NA,NA,NA
GSE97980,GSE97980_N2_vs_nrx.xlsx-sheet-N2vsnrx,conservative,NA,NA,NA
GSE97980,GSE97980_N2_vs_nrx_nlg.xlsx-sheet-N2_vs_nrx_nlg,conservative,NA,NA,NA
GSE98045,GSE98045_TSS_groups_differential_exp.txt.gz,conservative,NA,NA,NA
GSE98232,GSE98232_transcripts_differential_wtDFL-invDFL.txt.gz,conservative,NA,other,NA
GSE98258,GSE98258_annotated_diffana_exp100j_p100+--p100++.xlsx,conservative,NA,NA,NA
GSE98258,GSE98258_annotated_diffana_exp30j_p30+--p30++.txt.gz,conservative,NA,NA,NA
GSE98266,GSE98266_Murano_DSS_d0_Cuffdiff_gene_differential_expression_testing_.txt.gz,conservative,NA,NA,NA
GSE98266,GSE98266_Murano_DSS_d11_Cuffdiff_gene_differential_expression_testing_.txt.gz,conservative,NA,NA,NA
GSE98266,GSE98266_Murano_DSS_d4_Cuffdiff_gene_differential_expression_testing_.txt.gz,conservative,NA,NA,NA
GSE98576,GSE98576_gene_exp.diff.gz,conservative,NA,NA,NA
GSE98580,GSE98580_DESeq2_ERbeta_EV_HEK293.txt.gz,conservative,NA,NA,NA
GSE98885,GSE98885_wlp2s_VS_WT_differential_expression.xlsx,conservative,NA,NA,NA
GSE98941,GSE98941_NvsP.csv.gz,conservative,NA,bimodal,NA
GSE99209,GSE99209_clones_A549_gene_exp.diff.gz,conservative,NA,NA,NA
GSE99209,GSE99209_clones_gene_exp.diff.gz,conservative,NA,NA,NA
GSE99232,GSE99232_E10.5RET_WT_NULL.txt.gz,conservative,NA,NA,NA
GSE99247,GSE99247_GEO_gene_exp_JNA_NF.txt.gz,conservative,NA,NA,NA
GSE99522,GSE99522_cds.diff.gz,conservative,NA,NA,NA
GSE99522,GSE99522_cds_exp.diff.gz,conservative,NA,NA,NA
GSE99522,GSE99522_gene_exp.diff.gz,conservative,NA,NA,NA
GSE99522,GSE99522_isoform_exp.diff.gz,conservative,NA,NA,NA
GSE99522,GSE99522_promoters.diff.gz,conservative,NA,NA,NA
GSE99522,GSE99522_splicing.diff.gz,conservative,NA,NA,NA
GSE99522,GSE99522_tss_group_exp.diff.gz,conservative,NA,NA,NA
GSE99803,GSE99803_Fundc1-MKO_VS_WT_fpkm_gene_exp.xlsx,conservative,NA,NA,NA
GSE99825,GSE99825_difference.txt.gz,conservative,NA,NA,NA
GSE99938,GSE99938_RNAseq_CuffDiff_diff_gene_exp.tab.gz,conservative,NA,NA,NA
GSE100367,GSE100367_CL6566_vs_CL6364_processed.txt.gz,other,NA,NA,NA
GSE100367,GSE100367_CL6768_vs_CL6364_processed.txt.gz,other,NA,NA,NA
GSE101458,GSE101458_Lnc23_WT_KO_normalizedExpression.xlsx,other,NA,NA,NA
GSE101643,GSE101643_Z-STIM_vs_WT-STIM_diffexp.txt.gz,other,NA,NA,NA
GSE101994,GSE101994_bfx564.deseq.csv.gz,other,NA,other,NA
GSE101995,GSE101995_bfx556.deseq.csv.gz,other,NA,other,NA
GSE101996,GSE101996_bfx319.2month.table2.csv.gz,other,NA,NA,NA
GSE101996,GSE101996_bfx319.6month.table1.csv.gz,other,NA,NA,NA
GSE101996,GSE101996_bfx319.6month.table2.csv.gz,other,NA,NA,NA
GSE102543,GSE102543_p179_normalized_counts_table.xls.gz,other,NA,NA,NA
GSE102772,GSE102772_comparison_RNA_expression.xlsx-sheet-MDX,other,NA,other,NA
GSE104560,GSE104560_Emerin_null_differentiation_day_2_to_3_transition.diff.gz,other,NA,NA,NA
GSE104560,GSE104560_Emerin_null_differentiaton_day_3_to_4_transition.diff.gz,other,NA,NA,NA
GSE104560,GSE104560_Emerin_null_proliferation_to_day_0_differentiation_transition.diff.gz,other,NA,NA,NA
GSE104560,GSE104560_WT_differentiation_day_2_to_3_transition.diff.gz,other,NA,NA,NA
GSE104560,GSE104560_WT_differentiation_day_3_to_4_transition.diff.gz,other,NA,NA,NA
GSE104560,GSE104560_WT_proliferation_to_day_0_differentiation_transition.diff.gz,other,NA,NA,NA
GSE104560,GSE104560_WT_vs_Emerin_null_day_0_differentiation.xlsx-sheet-0six_gene_ann.diff,other,NA,NA,NA
GSE104560,GSE104560_WT_vs_Emerin_null_day_1_differentiation.xlsx-sheet-1six_gene_ann.diff,other,NA,NA,NA
GSE104560,GSE104560_WT_vs_Emerin_null_day_2_differentiation.xlsx-sheet-2six_gene_ann.diff,other,NA,NA,NA
GSE104560,GSE104560_WT_vs_Emerin_null_day_3_differentiation.xlsx-sheet-3six_gene_ann.diff,other,NA,NA,NA
GSE104560,GSE104560_WT_vs_Emerin_null_day_4_differentiation.xlsx-sheet-4six_gene_ann.diff,other,NA,NA,NA
GSE104560,GSE104560_WT_vs_Emerin_null_day_Proliferation.xlsx-sheet-psix_gene_ann.diff,other,NA,NA,NA
GSE107661,GSE107661_D4117_WT_GYM.txt.gz,other,NA,NA,NA
GSE108018,GSE108018_WTKO_Saci_1107_DEseq2.csv.gz,other,NA,other,NA
GSE108418,GSE108418_tagged_EZH2_T372A_overexpression_vs_overexpressing_cells.DESeq2_Results.xlsx,other,NA,NA,NA
GSE108418,GSE108418_tagged_EZH2_T372A_overexpression_vs_tagged_EZH2_overexpression.DESeq2_Results.xlsx,other,NA,NA,NA
GSE108418,GSE108418_tagged_EZH2_T372E_overexpression_vs_tagged_EZH2_overexpression.DESeq2_Results.xlsx,other,NA,NA,NA
GSE108418,GSE108418_tagged_EZH2_overexpression_vs_overexpressing_cells.DESeq2_Results.xlsx,other,NA,NA,NA
GSE108896,GSE108896_Supplementary_Table_3.xlsx-sheet-deseq2_malevsfemale,other,NA,NA,NA
GSE109185,GSE109185_E3_F5_DESeq2.csv.gz,other,NA,NA,NA
GSE109844,GSE109844_CD4low_vs_murine_N_CD4_diff.xls.gz,other,NA,NA,NA
GSE110327,GSE110327_differential_expression.txt.gz,other,NA,NA,NA
GSE110971,GSE110971_Sm_vs_PBS_Gexon_KwGn_DESeq2-All_2.anntNM.txt.gz,other,NA,NA,NA
GSE111082,GSE111082_Mouse_EV_N2NL_DESeq2.txt.gz,other,NA,NA,NA
GSE112367,GSE112367_adr1.adr2.ip.input.deseq.txt.gz,other,NA,NA,NA
GSE112404,GSE112404_Figure2_sorted_RNAseq_P8_WT_vs_Opn4DTA_DTA.xlsx-sheet-LD-P8-WTB_LD-P8-DTAKO.csv,other,NA,NA,NA
GSE112649,GSE112649_TAC_tree_RNAseq_processed_data_CLC_DEG_output.txt.gz-set-0,other,NA,NA,NA
GSE113252,GSE113252_DESeq.H_vs_K.xlsx.gz,other,NA,other,NA
GSE114652,GSE114652_trim9_sham_stroke.txt.gz,other,NA,NA,NA
GSE115474,GSE115474_Untreated_Control_vs_Treatment.genesTABULATED.xls.gz,other,NA,NA,NA
GSE115950,GSE115950_DESeq2_genes_diffexp_by_fc_Migr_mLN_SPF_Tx_vs_Migr_pLN_SPF_Tx.csv.gz,other,NA,NA,NA
GSE116607,GSE116607_set1_set2_invitro_CD8_GFP_Minus_plus_gene_differential_expression.xlsx-sheet-status = ok,other,NA,NA,NA
GSE116819,GSE116819_xlaevisrnaseq-run1-results-diffexpr-genelist-treated-vs-control.csv.gz,other,NA,NA,NA
GSE117433,GSE117433_37flow_v_GSE117433_RTflow.RNAseqgene_exp.diff.gz,other,NA,NA,NA
GSE118592,GSE118592_day5_results.txt.gz,other,NA,NA,NA
GSE118674,GSE118674_Zhu_processed_data.xlsx.gz-sheet-Deseq2_raw_output,other,NA,NA,NA
GSE118994,GSE118994_DESeq2_delta-espL_vs_wt.csv.gz,other,NA,other,NA
GSE120077,GSE120077_processed_data.xlsx-sheet-Complete_Sheet,other,NA,NA,NA
GSE121795,GSE121795_ResultsDESeqpaired.csv.gz,other,NA,NA,NA
GSE122932,GSE122932_DifferentialExpression.xlsx-sheet-gRNA3_Cas9.vs.gRNA3,other,NA,NA,NA
GSE122932,GSE122932_DifferentialExpression.xlsx-sheet-ncapg2_gRNA3_Cas9.vs.phenol_red,other,NA,NA,NA
GSE122932,GSE122932_DifferentialExpression.xlsx-sheet-ncapg2_gRNA3.vs.phenol_red,other,NA,NA,NA
GSE78194,GSE78194_Table_s1.xls.gz-sheet-M tra VS con,other,NA,NA,NA
GSE82008,GSE82008_rTreg-aTreg-RPKM_log2FC_pval.txt.gz-set-1,other,NA,NA,NA
GSE82008,GSE82008_rTreg-aTreg-RPKM_log2FC_pval.txt.gz-set-2,other,NA,NA,NA
GSE82008,GSE82008_rTreg-aTreg-RPKM_log2FC_pval.txt.gz-set-3,other,NA,NA,NA
GSE82008,GSE82008_rTreg-aTreg-RPKM_log2FC_pval.txt.gz-set-4,other,NA,NA,NA
GSE83455,GSE83455_cuffdiff_alltimepoints.xlsx,other,NA,NA,NA
GSE92971,GSE92971_run1513_gencode_DESeq2_earlyFGFvsControl_gene_diff_rawcnt.txt.gz,other,NA,NA,NA
GSE93102,GSE93102_D39_625AA_VS_D39_WT_UT.csv.gz,other,NA,other,NA
GSE97235,GSE97235_Nef_table.txt.gz,other,NA,NA,NA
GSE98510,GSE98510_deSeq2_PTH_vs_C.txt.gz,other,NA,uniform,NA
GSE98871,GSE98871_DESeq_Lambert_data.xlsx-sheet-siREST vs siCTRL,other,NA,other,NA
GSE100829,GSE100829_N2_HPL2_J2IP_DESeqResults.xlsx,spiky,NA,NA,NA
GSE101234,GSE101234_LargeRNA.shL3.50_100hrs.293T.shR6.50_100hrs.HeyA8.xlsx.gz-set-2,spiky,NA,NA,NA
GSE101234,GSE101234_LargeRNA.shL3.50_100hrs.293T.shR6.50_100hrs.HeyA8.xlsx.gz-set-3,spiky,NA,NA,NA
GSE101898,GSE101898_Galaxy123-_CellXtype_QKO_vs_QT7L1_.tabular.txt.gz,spiky,NA,NA,NA
GSE101898,GSE101898_Galaxy125-_CellXtype_WT_vs_QKO_.tabular.txt.gz,spiky,NA,NA,NA
GSE101898,GSE101898_Galaxy126-_CellXtype_WT_vs_QT7_.tabular.txt.gz,spiky,NA,NA,NA
GSE102138,GSE102138_Long_non_coding_RNA.txt.gz-set-1,spiky,NA,NA,NA
GSE102138,GSE102138_Long_non_coding_RNA.txt.gz-set-2,spiky,NA,NA,NA
GSE102531,GSE102531_DE2output-280116.xlsx.gz-set-0,spiky,NA,NA,NA
GSE102772,GSE102772_comparison_RNA_expression.xlsx-sheet-CASK,spiky,NA,NA,NA
GSE102772,GSE102772_comparison_RNA_expression.xlsx-sheet-SAP97,spiky,NA,NA,NA
GSE103531,GSE103531_summary_lad1.csv.gz,spiky,NA,NA,NA
GSE103607,GSE103607_deseq.toptable.xlsx,spiky,NA,NA,NA
GSE105128,GSE105128_result.txt.gz,spiky,NA,NA,NA
GSE108161,GSE108161_deseq2_results.txt.gz,spiky,NA,NA,NA
GSE108392,GSE108392_Henna_RNA_results_annotated_shPPFIA1_vs_shScr.xlsx,spiky,NA,NA,NA
GSE108472,GSE108472_Soma_RNAseq.xlsx-sheet-diff_exp,spiky,NA,NA,NA
GSE108896,GSE108896_Supplementary_Table_3.xlsx-sheet-deseq2_CAIAvsSAL,spiky,NA,NA,NA
GSE109510,GSE109510_Differential_Normalized_Counts.txt.gz,spiky,NA,NA,NA
GSE109540,GSE109540_RNAseq.csv.gz,spiky,NA,NA,NA
GSE110698,GSE110698_HepG2_cyt_vs_HepG2_tot.xls.gz,spiky,NA,other,NA
GSE111148,GSE111148_Astrocyte_Kir4.1cKO_DESeq2output.csv.gz,spiky,NA,NA,NA
GSE112367,GSE112367_n2.adr2.ip.input.deseq.txt.gz,spiky,NA,NA,NA
GSE115606,GSE115606_piRNA.txt.gz,spiky,NA,NA,NA
GSE116815,GSE116815_DESeq2_DP_ASL.txt.gz,spiky,NA,NA,NA
GSE116815,GSE116815_DESeq2_DPlike_ASL.txt.gz,spiky,NA,NA,NA
GSE116866,GSE116866_murine_3group_normalized_matrix.csv.gz,spiky,NA,NA,NA
GSE117631,GSE117631_Cg1-Cre_PU.1_KO_Tumor_vs_control.txt.gz,spiky,NA,NA,NA
GSE117632,GSE117632_Hypoxia_ALKBH1_Knockdown_RNAseq_Processed.xlsx.gz-sheet-DESeq2 Results,spiky,NA,NA,NA
GSE117669,GSE117669_readcounts.txt.gz,spiky,NA,NA,NA
GSE118915,GSE118915_Ovol2_MutantvsControl_Processed.txt.gz,spiky,NA,NA,NA
GSE122990,GSE122990_DEseq_ARC7-ARC10-ARC16_ARM4-ARM5-ARM6_DEG_list_1_.csv.gz,spiky,NA,NA,NA
GSE79577,GSE79577_DESeq2_FTO_KO.csv.gz,spiky,NA,NA,NA
GSE84492,GSE84492_Kdm5c_def_mouse_expression_values.txt.gz,spiky,NA,NA,NA
GSE84699,GSE84699_RNAseq_pcbp1kd_vs_control_DESeq2.txt.gz,spiky,NA,NA,NA
GSE85049,GSE85049_deseq2_mll3li_p53.txt.gz,spiky,NA,NA,NA
GSE89115,GSE89115_DEG.xls.gz-sheet-DEG_setC_setA,spiky,NA,NA,NA
GSE89115,GSE89115_DEG.xls.gz-sheet-DEG_setC_setE,spiky,NA,NA,NA
GSE89115,GSE89115_DEG.xls.gz-sheet-DEG_setE_setA,spiky,NA,NA,NA
GSE94017,GSE94017_ATRA_versus_control_diff.xlsx,spiky,NA,NA,NA
GSE97469,GSE97469_HEPG2_EV_versus_shRNA.csv.gz,spiky,NA,NA,NA
GSE100175,GSE100175_Supplementary_Table_1.xlsx-sheet-DRG_vs_trigeminal_LRT,uniform,NA,NA,NA
GSE100175,GSE100175_Supplementary_Table_1.xlsx-sheet-DRG_vs_trigeminal_WALD,uniform,NA,NA,NA
GSE100175,GSE100175_Supplementary_Table_1.xlsx-sheet-DRG_TRI+interactions_WALD,uniform,NA,other,NA
GSE100175,GSE100175_Supplementary_Table_1.xlsx-sheet-male_vs_female_WALD,uniform,NA,NA,NA
GSE100175,GSE100175_Supplementary_Table_1.xlsx-sheet-male_female+interactions_WALD,uniform,NA,anti-conservative,0.8004090169259666
GSE101898,GSE101898_Galaxy124-_CellXtype_QT7_vs_QT7L1_.tabular.txt.gz,uniform,NA,NA,NA
GSE102779,GSE102779_SmallRNA_CD95L.50hrs.Drosha_ko.xlsx,uniform,NA,NA,NA
GSE104065,GSE104065_NSCs_E47KOvsWt_DESeq.txt.gz,uniform,NA,other,NA
GSE105068,GSE105068_deseq_WT_versus_KO_lung_all_genes.txt.gz,uniform,NA,NA,NA
GSE106652,GSE106652_Eye_JunctionSeq_allGenesResults.csv.gz,uniform,NA,uniform,NA
GSE114998,GSE114998_Spreadsheet2_CT_mRNAseq.xlsx,uniform,NA,NA,NA
GSE116462,GSE116462_Lncenc1_KD_deseq_table.txt.gz,uniform,NA,NA,NA
GSE117610,GSE117610_PC9_parental_vs_DTC.csv.gz,uniform,NA,NA,NA
GSE118501,GSE118501_diffexpr-results.csv.gz,uniform,NA,NA,NA
GSE119025,GSE119025_BSAVSFHR1_Gene_differential_expression.txt.gz,uniform,NA,NA,NA
GSE84302,GSE84302_CTRL_vs_Ketamine.xlsx,uniform,NA,NA,NA
GSE84302,GSE84302_CTRL_vs_L803.xlsx,uniform,NA,NA,NA
GSE84302,GSE84302_CTRL_vs_siGsk3b.xlsx,uniform,NA,NA,NA
GSE84367,GSE84367_DEXseq-analysis_SPEN-EBvsWT-EB.csv.gz,uniform,NA,NA,NA
GSE84367,GSE84367_DEXseq-analysis_SPEN-ISCvsWT-ISC.csv.gz,uniform,NA,NA,NA
GSE84367,GSE84367_DEXseq-analysis_WT-ISCvsWT-EB.csv.gz,uniform,NA,NA,NA
GSE86476,GSE86476_DESeq2_DEXUS_edgeR_results.xlsx-sheet-DESeq2,uniform,NA,NA,NA
GSE86476,GSE86476_DESeq2_DEXUS_edgeR_results.xlsx-sheet-DEXUS,uniform,NA,NA,NA
GSE94501,GSE94501_cuffdiff_gene_exp_diff.txt.gz,uniform,NA,NA,NA
GSE98084,GSE98084_FPKM_Replicate_1.xlsx,uniform,NA,NA,NA
GSE98084,GSE98084_FPKM_Replicate_2.xlsx,uniform,NA,NA,NA
