id,Set,Type,Class,Conversion,pi0,FDR_pval,hist,note
GSE100338_X189_FC1.5_pVal0.05_42_genes.txt.gz,pvalue,,,,,,,p-values truncated or right-skewed
GSE102299_genes.tsv.gz,,,,,,,,no pvalues
sheet-limma_LEC_VC0-LEC_VC100.txt from GSE102351_EMC_limma_3x5.xlsx,p.value,raw,anti-conservative,same good,0.30555969593083926,3620,"[3236, 384, 265, 185, 154, 147, 132, 101, 111, 90, 88, 68, 85, 72, 84, 60, 73, 71, 62, 72, 76, 59, 76, 55, 60, 60, 68, 68, 61, 55, 63, 45, 60, 52, 46, 60, 58, 59, 38, 50]",
sheet-limma_LEC_VC0-LEC_VC100.txt from GSE102351_EMC_limma_3x5.xlsx,p.value,aveexpr,anti-conservative,same good,0.28949024543738205,3472,"[3116, 356, 253, 173, 144, 135, 124, 93, 105, 87, 83, 62, 79, 69, 75, 56, 66, 65, 60, 68, 74, 56, 72, 50, 59, 56, 63, 64, 55, 54, 58, 42, 57, 47, 43, 53, 52, 53, 35, 44]",
sheet-limma_LEC_VC10-LEC_VC100.txt from GSE102351_EMC_limma_3x5.xlsx,p.value,raw,anti-conservative,same good,0.33686093307497395,3561,"[3192, 369, 261, 201, 167, 147, 125, 113, 107, 109, 99, 90, 100, 87, 74, 68, 79, 67, 65, 74, 58, 56, 54, 69, 59, 65, 56, 54, 62, 60, 50, 46, 41, 67, 50, 42, 58, 60, 47, 61]",
sheet-limma_LEC_VC10-LEC_VC100.txt from GSE102351_EMC_limma_3x5.xlsx,p.value,aveexpr,anti-conservative,same good,0.33668974197608564,3418,"[3076, 342, 242, 188, 154, 138, 115, 110, 99, 100, 95, 85, 95, 82, 71, 63, 74, 63, 61, 71, 53, 54, 49, 63, 55, 61, 50, 51, 57, 58, 45, 43, 35, 61, 47, 36, 53, 59, 44, 58]",
sheet-limma_LEC_VC0-LEC_VC10.txt from GSE102351_EMC_limma_3x5.xlsx,p.value,raw,other,same bad,,488,"[248, 240, 218, 204, 238, 224, 191, 223, 211, 201, 200, 196, 187, 177, 164, 184, 152, 163, 159, 159, 156, 137, 153, 134, 150, 137, 122, 149, 122, 148, 152, 134, 141, 139, 134, 133, 133, 163, 119, 114]",
sheet-limma_LEC_VC0-LEC_VC10.txt from GSE102351_EMC_limma_3x5.xlsx,p.value,aveexpr,other,same bad,,458,"[236, 222, 203, 189, 220, 216, 179, 212, 192, 180, 185, 188, 179, 171, 155, 170, 146, 156, 149, 157, 150, 127, 148, 129, 139, 131, 118, 140, 118, 141, 148, 126, 135, 129, 129, 127, 130, 159, 117, 110]",
sheet-rpkms_GeneMapping from GSE102351_LNLECs_RNASeq_72hVEGFCStim.xlsx,p.value,raw,other,same bad,,488,"[248, 240, 218, 204, 238, 224, 191, 223, 211, 201, 200, 196, 187, 177, 164, 184, 152, 163, 159, 159, 156, 137, 153, 134, 150, 137, 122, 149, 122, 148, 152, 134, 141, 139, 134, 133, 133, 163, 119, 114]",
sheet-rpkms_GeneMapping from GSE102351_LNLECs_RNASeq_72hVEGFCStim.xlsx,p.value,rpkm,other,same bad,,488,"[248, 240, 218, 204, 238, 224, 191, 223, 211, 201, 200, 196, 187, 177, 164, 184, 152, 163, 159, 159, 156, 137, 153, 134, 150, 137, 122, 149, 122, 148, 152, 134, 141, 139, 134, 133, 133, 163, 119, 114]",
sheet-rpkms_GeneMapping from GSE102351_LNLECs_RNASeq_72hVEGFCStim.xlsx,p.value.1,raw,anti-conservative,same good,0.30555969593083926,3620,"[3236, 384, 265, 185, 154, 147, 132, 101, 111, 90, 88, 68, 85, 72, 84, 60, 73, 71, 62, 72, 76, 59, 76, 55, 60, 60, 68, 68, 61, 55, 63, 45, 60, 52, 46, 60, 58, 59, 38, 50]",
sheet-rpkms_GeneMapping from GSE102351_LNLECs_RNASeq_72hVEGFCStim.xlsx,p.value.1,rpkm,anti-conservative,same good,0.30555969593083926,3620,"[3236, 384, 265, 185, 154, 147, 132, 101, 111, 90, 88, 68, 85, 72, 84, 60, 73, 71, 62, 72, 76, 59, 76, 55, 60, 60, 68, 68, 61, 55, 63, 45, 60, 52, 46, 60, 58, 59, 38, 50]",
sheet-rpkms_GeneMapping from GSE102351_LNLECs_RNASeq_72hVEGFCStim.xlsx,p.value.2,raw,anti-conservative,same good,0.33686093307497395,3561,"[3192, 369, 261, 201, 167, 147, 125, 113, 107, 109, 99, 90, 100, 87, 74, 68, 79, 67, 65, 74, 58, 56, 54, 69, 59, 65, 56, 54, 62, 60, 50, 46, 41, 67, 50, 42, 58, 60, 47, 61]",
sheet-rpkms_GeneMapping from GSE102351_LNLECs_RNASeq_72hVEGFCStim.xlsx,p.value.2,rpkm,anti-conservative,same good,0.33686093307497395,3561,"[3192, 369, 261, 201, 167, 147, 125, 113, 107, 109, 99, 90, 100, 87, 74, 68, 79, 67, 65, 74, 58, 56, 54, 69, 59, 65, 56, 54, 62, 60, 50, 46, 41, 67, 50, 42, 58, 60, 47, 61]",
GSE102990_R4_R5_fin_transcriptome.txt.gz,,,,,,,,no pvalues
GSE103773_HL58_Norm_Exp_Values.csv.gz,,,,,,,,no pvalues
GSE104028_genes_normacounts_processeddata.txt.gz,,,,,,,,no pvalues
GSE104609_ICC283_SAM_RNAseq_RRBS_DESeq2.csv.gz,pvalue,raw,other,improvement; effects,,7295,"[6098, 1197, 878, 751, 621, 624, 529, 499, 472, 451, 436, 405, 387, 391, 443, 376, 354, 475, 597, 335, 983, 546, 290, 295, 310, 306, 287, 261, 267, 287, 319, 323, 314, 297, 264, 259, 248, 290, 318, 327]",
GSE104609_ICC283_SAM_RNAseq_RRBS_DESeq2.csv.gz,pvalue,basemean,anti-conservative,improvement; effects,0.43296009187482065,6801,"[5770, 1031, 749, 636, 506, 494, 406, 396, 357, 351, 329, 292, 294, 283, 274, 265, 260, 270, 229, 230, 226, 228, 214, 198, 227, 210, 210, 189, 175, 194, 182, 218, 194, 208, 172, 194, 183, 211, 177, 183]",
GSE104609_ICC283_SAM_RNAseq_RRBS_edgeR.csv.gz,pvalue,,,,,,,p-values truncated or right-skewed
GSE104609_ICC8261_SAM_RNAseq_RRBS_DESeq2.csv.gz,pvalue,raw,other,improvement; effects,,6776,"[5620, 1156, 830, 653, 617, 552, 515, 472, 425, 495, 500, 418, 434, 444, 407, 433, 394, 469, 495, 581, 911, 991, 369, 318, 359, 334, 337, 349, 382, 363, 384, 345, 369, 328, 300, 331, 341, 401, 447, 358]",
GSE104609_ICC8261_SAM_RNAseq_RRBS_DESeq2.csv.gz,pvalue,basemean,anti-conservative,improvement; effects,0.4760569698329035,6535,"[5469, 1066, 733, 587, 505, 463, 414, 378, 327, 394, 366, 319, 289, 315, 281, 281, 261, 296, 228, 268, 267, 241, 256, 223, 265, 226, 237, 212, 253, 223, 248, 208, 241, 222, 211, 212, 201, 234, 225, 189]",
GSE104609_ICC8261_SAM_RNAseq_RRBS_edgeR.csv.gz,pvalue,,,,,,,p-values truncated or right-skewed
GSE104639_Reads_count_matrix.txt.gz,,,,,,,,no pvalues
GSE104785_Salmonella_GeneCounts.txt.gz,,,,,,,,no pvalues
GSE105068_deseq_WT_versus_KO_lung_all_genes.txt.gz,pvalue,raw,other,improvement; effects,,1451,"[933, 518, 431, 448, 431, 409, 423, 404, 453, 425, 461, 437, 488, 439, 427, 500, 465, 494, 480, 472, 503, 493, 488, 541, 520, 596, 514, 547, 528, 492, 576, 607, 628, 601, 557, 543, 493, 477, 476, 759]",
GSE105068_deseq_WT_versus_KO_lung_all_genes.txt.gz,pvalue,basemean,anti-conservative,improvement; effects,1.0,1434,"[924, 510, 421, 437, 407, 384, 394, 385, 410, 392, 393, 394, 418, 375, 376, 393, 392, 419, 390, 394, 422, 422, 395, 423, 410, 429, 419, 431, 410, 416, 439, 435, 464, 452, 445, 437, 414, 436, 438, 431]",
GSE105155_gene_expression_vsd.txt.gz,,,,,,,,no pvalues
GSE105769_WT-VS-DLTpcrS.GeneDiffExp.txt.gz,p-value,raw,anti-conservative,same good,0.7792824899025899,1377,"[1193, 184, 156, 124, 112, 94, 83, 90, 77, 94, 87, 83, 53, 80, 72, 70, 67, 56, 62, 69, 64, 79, 65, 68, 52, 52, 83, 46, 61, 62, 62, 50, 52, 64, 49, 66, 67, 81, 111, 69]",
GSE105769_WT-VS-DLTpcrS.GeneDiffExp.txt.gz,p-value,rpkm,anti-conservative,same good,0.7811753463927379,1374,"[1190, 184, 153, 123, 111, 93, 83, 89, 77, 92, 86, 82, 53, 78, 72, 69, 67, 56, 62, 69, 64, 78, 65, 68, 52, 52, 81, 46, 61, 62, 61, 50, 51, 64, 49, 66, 67, 81, 111, 68]",
GSE106506_all.gene_counts.txt.gz,,,,,,,,no pvalues
GSE107971_combined.counts.txt.gz,,,,,,,,no pvalues
GSE107982_Differential_expression_DT3017pDT16_J1929.txt.gz,p-value,raw,other,,,240,"[128, 112, 128, 139, 131, 131, 141, 153, 152, 140, 172, 170, 177, 181, 167, 204, 193, 190, 192, 197, 195, 215, 237, 189, 220, 226, 226, 242, 206, 250, 217, 217, 238, 253, 222, 225, 225, 250, 246, 243]",
GSE108864_Pkd1_Pkd2_summary.csv.gz,pkd1.pvalue,raw,other,improvement; effects,,4802,"[3797, 1005, 943, 781, 604, 557, 907, 660, 509, 526, 471, 1035, 536, 1155, 451, 457, 442, 1076, 440, 413, 411, 421, 514, 541, 404, 461, 420, 394, 420, 550, 493, 440, 457, 444, 472, 377, 411, 431, 405, 2952]",
GSE108864_Pkd1_Pkd2_summary.csv.gz,pkd1.pvalue,logcpm,anti-conservative,improvement; effects,0.8037412809131264,2289,"[1808, 481, 379, 324, 338, 313, 287, 315, 281, 273, 279, 263, 275, 274, 258, 245, 259, 256, 268, 280, 272, 264, 278, 273, 253, 262, 261, 253, 266, 261, 270, 272, 227, 265, 229, 240, 250, 251, 245, 268]",
GSE108864_Pkd1_Pkd2_summary.csv.gz,pkd2.pvalue,raw,other,improvement; effects,,5633,"[4480, 1153, 739, 903, 782, 526, 534, 531, 459, 864, 834, 462, 499, 1110, 755, 411, 353, 377, 462, 375, 352, 522, 390, 343, 606, 355, 377, 347, 431, 356, 326, 331, 351, 360, 350, 353, 392, 487, 651, 3894]",
GSE108864_Pkd1_Pkd2_summary.csv.gz,pkd2.pvalue,logcpm,anti-conservative,improvement; effects,0.749841471147749,2831,"[2276, 555, 430, 363, 300, 311, 298, 272, 248, 258, 265, 262, 243, 266, 256, 233, 234, 254, 263, 252, 229, 241, 250, 236, 232, 251, 235, 225, 256, 245, 217, 216, 246, 251, 264, 237, 241, 235, 220, 250]",
GSE108919_CsA_differential_expression.txt.gz,pvalue,raw,anti-conservative,same good,0.8910969166469522,1580,"[1106, 474, 412, 392, 365, 331, 336, 314, 327, 371, 306, 303, 298, 284, 313, 291, 269, 275, 309, 259, 277, 295, 271, 255, 270, 266, 236, 254, 271, 240, 269, 264, 275, 274, 240, 259, 260, 309, 291, 270]",
GSE108919_CsA_differential_expression.txt.gz,pvalue,logcpm,anti-conservative,same good,0.8796773086165468,1520,"[1073, 447, 393, 360, 343, 309, 317, 293, 303, 340, 274, 281, 273, 262, 283, 265, 250, 252, 273, 232, 256, 266, 252, 224, 247, 236, 222, 233, 246, 219, 237, 231, 246, 245, 212, 232, 246, 282, 262, 235]",
GSE110213_Htseq_counts_AZs.txt.gz,,,,,,,,no pvalues
GSE111126_Mutt110_vs_Wt.txt.gz,p_value,raw,bimodal,improvement; effects,,3064,"[2712, 352, 273, 240, 184, 180, 177, 143, 126, 152, 162, 117, 112, 112, 111, 110, 110, 75, 98, 95, 96, 90, 92, 101, 75, 78, 95, 85, 80, 87, 64, 82, 92, 79, 76, 81, 79, 87, 106, 1032]",
GSE111126_Mutt110_vs_Wt.txt.gz,p_value,fpkm,anti-conservative,improvement; effects,0.6426458725463836,3031,"[2679, 352, 273, 239, 184, 180, 177, 143, 126, 152, 162, 117, 112, 112, 111, 110, 110, 75, 98, 95, 96, 90, 92, 101, 75, 78, 95, 85, 80, 87, 64, 82, 92, 79, 76, 81, 79, 87, 106, 206]",
GSE111126_Mutt110_vs_Wtcu.txt.gz,p_value,raw,bimodal,improvement; effects,,3420,"[3054, 366, 287, 233, 189, 152, 151, 135, 196, 128, 97, 113, 109, 87, 103, 97, 120, 89, 87, 70, 56, 86, 91, 74, 91, 83, 75, 68, 72, 62, 63, 79, 81, 78, 47, 65, 74, 72, 65, 1053]",
GSE111126_Mutt110_vs_Wtcu.txt.gz,p_value,fpkm,anti-conservative,improvement; effects,0.5094416519494634,3380,"[3014, 366, 286, 231, 189, 152, 151, 133, 195, 128, 97, 113, 109, 87, 103, 97, 119, 88, 87, 70, 56, 86, 91, 74, 91, 83, 75, 68, 72, 62, 63, 79, 81, 78, 47, 65, 74, 72, 65, 164]",
GSE111126_Wtcu_vs_Wt.txt.gz,p_value,raw,bimodal,improvement; effects,,2299,"[1871, 428, 309, 230, 219, 218, 173, 171, 156, 165, 145, 161, 146, 136, 141, 132, 134, 110, 123, 117, 112, 110, 129, 139, 95, 117, 120, 116, 117, 108, 107, 101, 103, 96, 101, 101, 95, 103, 114, 927]",
GSE111126_Wtcu_vs_Wt.txt.gz,p_value,fpkm,anti-conservative,improvement; effects,0.6732804232804235,2296,"[1870, 426, 309, 230, 219, 218, 173, 171, 156, 164, 145, 161, 145, 136, 141, 132, 134, 110, 123, 117, 112, 109, 129, 139, 95, 117, 120, 116, 117, 108, 107, 101, 103, 96, 101, 101, 95, 103, 114, 197]",
GSE111400_Annotated_Probe_Report_DESeq2_24h_p005.txt.gz,,,,,,,,no pvalues
GSE112176_Treg_MT_CHIP_Seq_peaks.txt.gz,-log10(pvalue),,,,,,,p-values not in 0 to 1 range
GSE112334_KH2-ISY1_miRNA.txt.gz,,,,,,,,no pvalues
GSE112997_rnadata_ppm.txt.gz,,,,,,,,no pvalues
GSE114103_RPKM_Data.txt.gz,,,,,,,,no pvalues
GSE114922_TPM_table.txt.gz,,,,,,,,no pvalues
GSE115818_RNA-Seq_CARM1_in_J1_ES_Cells.no_NR.xlsx,,,,,,,,no pvalues
GSE116268_dbGaP_ExpressionTable.tsv.gz,,,,,,,,no pvalues
GSE116329_Mettl16_featureCounts_table_E2.5.csv.gz,,,,,,,,no pvalues
sheet-wt vs hsrw66 from GSE116610_gene_expression_level.xlsx,p_value,raw,conservative,same bad,,437,"[313, 124, 102, 86, 90, 93, 98, 121, 112, 127, 130, 117, 125, 167, 147, 156, 183, 182, 214, 223, 222, 240, 267, 271, 328, 295, 381, 387, 445, 426, 519, 506, 574, 599, 649, 684, 710, 744, 710, 4037]",
sheet-wt vs hsrw66 from GSE116610_gene_expression_level.xlsx,p_value,fpkm,conservative,same bad,,390,"[286, 104, 90, 80, 75, 77, 83, 86, 96, 98, 99, 93, 97, 129, 125, 130, 147, 156, 186, 190, 185, 215, 226, 239, 278, 265, 332, 353, 407, 385, 467, 452, 523, 552, 597, 637, 672, 697, 659, 654]",
sheet-wt vs hsp90 hsrw66 from GSE116610_gene_expression_level.xlsx,p_value,raw,bimodal,no improvement,,2278,"[1860, 418, 366, 314, 257, 288, 272, 378, 325, 443, 288, 265, 247, 230, 204, 231, 235, 211, 266, 288, 243, 252, 241, 242, 215, 243, 251, 251, 277, 269, 281, 255, 268, 289, 292, 307, 281, 289, 289, 3483]",
sheet-wt vs hsp90 hsrw66 from GSE116610_gene_expression_level.xlsx,p_value,fpkm,other,no improvement,,2029,"[1674, 355, 327, 268, 229, 250, 239, 285, 264, 331, 232, 225, 207, 203, 174, 200, 196, 186, 224, 258, 216, 213, 202, 215, 190, 213, 231, 221, 254, 244, 250, 229, 246, 268, 267, 285, 259, 266, 263, 245]",
sheet-hsrw66 vs hsp90 hsrw66 from GSE116610_gene_expression_level.xlsx,p_value,raw,bimodal,improvement; effects,,2041,"[1612, 429, 384, 294, 253, 303, 266, 364, 301, 398, 258, 230, 219, 248, 245, 232, 221, 247, 265, 247, 241, 225, 235, 241, 253, 250, 278, 275, 258, 302, 283, 288, 296, 295, 296, 305, 315, 323, 265, 3664]",
sheet-hsrw66 vs hsp90 hsrw66 from GSE116610_gene_expression_level.xlsx,p_value,fpkm,anti-conservative,improvement; effects,0.9957144159751986,1842,"[1463, 379, 336, 257, 219, 253, 225, 266, 239, 304, 204, 190, 187, 214, 204, 201, 192, 213, 238, 218, 217, 194, 212, 209, 217, 221, 256, 254, 229, 264, 257, 257, 267, 270, 268, 281, 293, 299, 253, 247]",
sheet-wt vs hsp90 from GSE116610_gene_expression_level.xlsx,p_value,raw,conservative,same bad,,386,"[268, 118, 103, 84, 103, 106, 108, 125, 109, 143, 133, 130, 139, 142, 141, 177, 194, 220, 202, 234, 239, 254, 272, 275, 308, 348, 378, 412, 430, 467, 478, 570, 559, 583, 647, 703, 735, 655, 685, 3927]",
sheet-wt vs hsp90 from GSE116610_gene_expression_level.xlsx,p_value,fpkm,conservative,same bad,,344,"[243, 101, 89, 72, 86, 85, 93, 97, 94, 110, 101, 111, 117, 125, 113, 145, 165, 195, 176, 191, 203, 213, 234, 241, 270, 313, 343, 367, 388, 425, 431, 514, 515, 517, 599, 631, 682, 603, 637, 654]",
sheet-hsrw66 vs hsp90 from GSE116610_gene_expression_level.xlsx,p_value,raw,conservative,no improvement,,389,"[283, 106, 90, 87, 97, 117, 93, 105, 117, 162, 130, 150, 171, 153, 154, 180, 201, 230, 234, 226, 233, 250, 301, 328, 346, 357, 376, 379, 416, 466, 493, 528, 595, 568, 601, 624, 679, 674, 674, 3930]",
sheet-hsrw66 vs hsp90 from GSE116610_gene_expression_level.xlsx,p_value,fpkm,other,no improvement,,340,"[246, 94, 80, 77, 88, 105, 74, 83, 96, 125, 107, 125, 145, 122, 128, 154, 169, 203, 187, 189, 198, 220, 254, 295, 314, 330, 337, 326, 377, 423, 448, 483, 539, 516, 553, 571, 635, 626, 628, 567]",
sheet-hsp90 hsrw66 vs hsp90 from GSE116610_gene_expression_level.xlsx,p_value,raw,bimodal,improvement; effects,,1942,"[1520, 422, 353, 328, 269, 291, 274, 344, 300, 421, 271, 263, 270, 239, 216, 256, 258, 264, 253, 244, 261, 232, 233, 253, 233, 270, 263, 282, 279, 307, 309, 293, 292, 312, 308, 284, 309, 313, 290, 3525]",
sheet-hsp90 hsrw66 vs hsp90 from GSE116610_gene_expression_level.xlsx,p_value,fpkm,anti-conservative,improvement; effects,0.9798743283853931,1709,"[1346, 363, 311, 284, 227, 252, 228, 272, 225, 298, 201, 219, 228, 200, 183, 218, 227, 227, 218, 209, 234, 213, 203, 219, 210, 241, 242, 248, 257, 270, 279, 267, 260, 279, 289, 258, 287, 284, 264, 241]",
GSE116756_10033956.1KT_Glu_Exp_KT_Myr_Exp.toptags_edgeR.csv.gz,pvalue,raw,anti-conservative,same good,0.7309622518001311,1176,"[934, 242, 185, 183, 142, 132, 124, 117, 121, 104, 89, 83, 91, 90, 78, 81, 76, 96, 62, 94, 76, 84, 76, 67, 78, 85, 62, 62, 73, 66, 80, 58, 61, 69, 55, 72, 66, 78, 58, 133]",
GSE116756_10033956.1KT_Glu_Exp_KT_Myr_Exp.toptags_edgeR.csv.gz,pvalue,logcpm,anti-conservative,same good,0.6655413551965278,1118,"[892, 226, 163, 174, 130, 124, 116, 112, 107, 98, 81, 72, 84, 75, 71, 69, 68, 81, 50, 83, 67, 75, 66, 64, 69, 75, 56, 51, 65, 55, 71, 55, 60, 58, 49, 59, 59, 67, 58, 92]",
GSE116756_genes_FPKM.txt.gz,,,,,,,,no pvalues
GSE116758_Twt_vs._Tko_all.txt.gz,"edge test: twt vs tko, tagwise dispersions - p-value",raw,other,,,842,"[512, 330, 322, 313, 347, 349, 355, 396, 349, 295, 359, 474, 462, 336, 311, 362, 382, 625, 367, 334, 347, 537, 385, 411, 419, 1003, 452, 353, 442, 388, 364, 418, 353, 359, 370, 364, 292, 300, 240, 9043]",
GSE118334_Wnt11_WK_RNAseq_DiffExp.txt.gz,p-value(altsplice),,,,,,,p-values truncated or right-skewed
GSE118334_Wnt11_WK_RNAseq_DiffExp.txt.gz,p-value(attribute),raw,other,improvement; effects,,5005,"[3527, 1478, 1185, 987, 942, 1001, 786, 761, 781, 730, 653, 670, 630, 1487, 553, 595, 602, 595, 544, 606, 652, 541, 524, 515, 537, 550, 474, 504, 492, 477, 473, 481, 473, 452, 512, 469, 465, 530, 503, 539]",
GSE118334_Wnt11_WK_RNAseq_DiffExp.txt.gz,p-value(attribute),rpkm,anti-conservative,improvement; effects,0.5850487540628387,3484,"[2516, 968, 751, 612, 551, 517, 458, 409, 419, 394, 376, 362, 346, 352, 272, 295, 315, 344, 296, 305, 347, 248, 257, 251, 254, 240, 230, 220, 252, 209, 245, 256, 234, 212, 250, 210, 226, 217, 234, 241]",
GSE118334_Wnt11_WK_RNAseq_DiffExp.txt.gz,p-value(diffexpr),raw,bimodal,improvement; effects,,20906,"[20090, 816, 509, 392, 361, 315, 267, 254, 232, 213, 212, 224, 150, 171, 191, 182, 206, 180, 175, 120, 124, 119, 109, 108, 121, 142, 166, 181, 113, 67, 142, 233, 133, 68, 83, 76, 182, 600, 152, 1244]",
GSE118334_Wnt11_WK_RNAseq_DiffExp.txt.gz,p-value(diffexpr),rpkm,anti-conservative,improvement; effects,0.01975654833981264,14176,"[13781, 395, 220, 158, 135, 101, 90, 77, 68, 45, 56, 60, 28, 35, 37, 28, 40, 21, 33, 20, 21, 18, 14, 16, 24, 16, 20, 13, 23, 6, 12, 12, 11, 10, 9, 7, 7, 9, 8, 7]",
GSE118334_Wnt11_WK_RNAseq_DiffExp.txt.gz,p-value(mutant vs. wildtype),raw,other,improvement; effects,,5005,"[3527, 1478, 1185, 987, 942, 1001, 786, 761, 781, 730, 653, 670, 630, 1487, 553, 595, 602, 595, 544, 606, 652, 541, 524, 515, 537, 550, 474, 504, 492, 477, 473, 481, 473, 452, 512, 469, 465, 530, 503, 539]",
GSE118334_Wnt11_WK_RNAseq_DiffExp.txt.gz,p-value(mutant vs. wildtype),rpkm,anti-conservative,improvement; effects,0.5850487540628387,3484,"[2516, 968, 751, 612, 551, 517, 458, 409, 419, 394, 376, 362, 346, 352, 272, 295, 315, 344, 296, 305, 347, 248, 257, 251, 254, 240, 230, 220, 252, 209, 245, 256, 234, 212, 250, 210, 226, 217, 234, 241]",
GSE120100_processed_data.txt.gz,,,,,,,,no pvalues
GSE120755_osteoblast-ENCLB766DWN-ENCLB906BCL.hg19.hotspots2_noAlt.fdr0.01.txt.gz,,,,,,,,no pvalues
GSE120888_raw_counts.xls.gz,,,,,,,,no pvalues
GSE121994_RNAseq_condenseGenes_raw.txt.gz,,,,,,,,no pvalues
GSE122026_E15.0_Mesenchymal_cells_scRNAseq_Final.csv.gz,,,,,,,,no pvalues
GSE122043_genes.tsv.gz,,,,,,,,no pvalues
sheet-WT-vs-hda6.genes.annot from GSE122047_WT-vs-hda6.genes.annot.xlsx,pvalue,raw,bimodal,same bad,,6946,"[5848, 1098, 864, 657, 573, 644, 414, 463, 467, 422, 516, 394, 343, 332, 304, 395, 341, 253, 347, 297, 638, 292, 248, 312, 295, 401, 245, 337, 274, 283, 309, 258, 268, 276, 266, 246, 244, 208, 149, 7163]",
sheet-WT-vs-hda6.genes.annot from GSE122047_WT-vs-hda6.genes.annot.xlsx,pvalue,fpkm,bimodal,same bad,,6462,"[5497, 965, 731, 596, 526, 480, 398, 391, 374, 365, 313, 352, 320, 286, 290, 283, 294, 240, 263, 284, 243, 246, 233, 270, 258, 262, 236, 243, 254, 225, 246, 234, 221, 254, 237, 244, 242, 208, 149, 840]",
GSE122233_BH9.rsem.regress.txt.gz,,,,,,,,no pvalues
GSE123186_Lanno_et_al_2018_Cuffdiff.txt.gz,p_value,raw,other,no improvement,,382,"[250, 132, 127, 140, 182, 203, 183, 210, 194, 196, 214, 227, 231, 257, 226, 265, 269, 295, 269, 325, 326, 362, 375, 375, 359, 374, 401, 422, 438, 450, 488, 464, 475, 512, 484, 515, 503, 511, 515, 4531]",
GSE123186_Lanno_et_al_2018_Cuffdiff.txt.gz,p_value,fpkm,conservative,no improvement,,366,"[241, 125, 122, 139, 168, 195, 176, 200, 178, 188, 203, 221, 223, 253, 220, 258, 266, 289, 262, 323, 321, 360, 370, 374, 355, 373, 396, 420, 434, 445, 487, 463, 472, 510, 483, 512, 503, 507, 514, 639]",
GSE123300_24h.after_data.txt.gz,,,,,,,,no pvalues
GSE123847_norm_counts_mgl.csv.gz,,,,,,,,no pvalues
GSE124304_ReadCounts_DeSeqRes.csv.gz,pvalue,raw,other,improvement; effects,,5142,"[4271, 871, 710, 601, 479, 465, 464, 431, 421, 416, 437, 444, 422, 399, 411, 407, 435, 435, 463, 440, 460, 616, 511, 421, 455, 465, 422, 1204, 420, 382, 405, 450, 546, 2966, 446, 439, 382, 395, 483, 918]",
GSE124304_ReadCounts_DeSeqRes.csv.gz,pvalue,basemean,anti-conservative,improvement; effects,0.5194612993932219,4846,"[4106, 740, 583, 463, 348, 333, 318, 291, 269, 248, 278, 240, 240, 215, 207, 179, 197, 179, 221, 204, 200, 207, 175, 196, 179, 192, 168, 163, 176, 182, 181, 208, 196, 153, 171, 206, 183, 168, 171, 180]",
GSE124341_Mmar_Mmar_ESX1.txt.gz,pval,,,,,,,p-values not in 0 to 1 range
GSE124410_gene_data.csv.gz,,,,,,,,no pvalues
GSE124419_combine_bulk.txt.gz,,,,,,,,no pvalues
GSE124428_barcode.tsv.gz,,,,,,,,no pvalues
GSE124485_RNAseq_normalizeExp.txt.gz,,,,,,,,no pvalues
GSE124506_reads_matrix.txt.gz,,,,,,,,no pvalues
GSE124506_reads_org_map.txt.gz,,,,,,,,no pvalues
GSE41064_cuffdiff_WT_vs_EFG1concentric.txt.gz,p_value,raw,other,same bad,,512,"[409, 103, 91, 93, 91, 88, 98, 98, 110, 110, 111, 110, 132, 118, 122, 115, 122, 126, 130, 134, 149, 184, 149, 147, 162, 142, 151, 150, 165, 208, 180, 157, 150, 193, 171, 165, 188, 178, 173, 161]",
GSE41064_cuffdiff_WT_vs_EFG1concentric.txt.gz,p_value,fpkm,other,same bad,,511,"[409, 102, 90, 91, 87, 87, 95, 95, 106, 109, 104, 104, 121, 114, 117, 113, 115, 122, 126, 129, 143, 177, 148, 140, 158, 139, 145, 141, 159, 204, 170, 151, 144, 182, 163, 157, 178, 172, 168, 134]",
GSE41950_csl4-s2-ribominus.csv.gz,pval,raw,other,same bad,,124,"[77, 47, 59, 96, 44, 201, 39, 62, 102, 105, 246, 51, 133, 71, 28, 115, 205, 37, 64, 176, 420, 133, 43, 92, 65, 305, 68, 47, 211, 159, 106, 76, 113, 95, 83, 46, 32, 18, 9, 3571]",
GSE41950_csl4-s2-ribominus.csv.gz,pval,basemean,other,same bad,,55,"[37, 18, 29, 25, 25, 39, 30, 28, 31, 39, 34, 33, 38, 43, 28, 54, 32, 37, 32, 46, 23, 28, 43, 40, 24, 30, 35, 23, 56, 34, 32, 14, 22, 63, 83, 46, 32, 18, 9, 259]",
GSE43575_RNAseq030113.txt.gz,,,,,,,,no pvalues
GSE45284_MEF_mats.txt.gz,pvalue,,,,,,,p-values truncated or right-skewed
GSE45788_S72_2_RefII_S72_1_Emf_exp.cuff.gz,p_value,raw,other,same bad,,325,"[238, 87, 70, 92, 91, 88, 61, 73, 53, 54, 57, 47, 50, 39, 48, 36, 54, 54, 39, 42, 35, 46, 37, 44, 41, 33, 41, 50, 38, 46, 36, 44, 44, 29, 41, 48, 48, 42, 39, 110]",
GSE45788_S72_2_RefII_S72_1_Emf_exp.cuff.gz,p_value,fpkm,other,same bad,,323,"[238, 85, 69, 89, 77, 70, 44, 54, 50, 45, 57, 44, 50, 34, 45, 36, 52, 53, 37, 42, 34, 45, 35, 43, 39, 32, 41, 48, 36, 43, 35, 41, 42, 29, 41, 45, 48, 41, 34, 46]",
GSE46878_YW11_m6A_IP_mettl14KD_vs_YW10_m6A_IP_Scr.txt.gz,x.10.log10.pvalue.,,,,,,,p-values not in 0 to 1 range
GSE49587_EG003_EG007.a5ss.miso_bf.txt.gz,,,,,,,,no pvalues
GSE49587_EG004_EG007.mxe.miso_bf.txt.gz,,,,,,,,no pvalues
GSE54831_CallingCards_pValue.txt.gz,dig1_pval,,,,,,,p-values truncated or right-skewed
GSE54831_CallingCards_pValue.txt.gz,fkh1_pval,raw,other,,,232,"[204, 28, 41, 74, 7, 22, 30, 43, 66, 8, 115, 3, 50, 4, 31, 64, 13, 46, 7, 149, 16, 82, 40, 17, 7, 319, 83, 38, 28, 7, 229, 227, 4, 114, 123, 283, 153, 352, 335, 2988]",
GSE54831_CallingCards_pValue.txt.gz,flo8_pval,,,,,,,p-values truncated or right-skewed
GSE54831_CallingCards_pValue.txt.gz,gcn4_pval,raw,conservative,,,66,"[50, 16, 8, 16, 18, 20, 20, 18, 20, 15, 23, 8, 31, 37, 10, 49, 6, 43, 31, 7, 35, 22, 30, 31, 6, 93, 134, 23, 136, 138, 148, 120, 107, 87, 105, 97, 111, 82, 88, 4411]",
GSE54831_CallingCards_pValue.txt.gz,gln3_pval,,,,,,,p-values truncated or right-skewed
GSE54831_CallingCards_pValue.txt.gz,hms1_pval,raw,other,,,66,"[49, 17, 37, 25, 47, 35, 47, 18, 43, 30, 57, 30, 31, 54, 63, 61, 41, 9, 83, 13, 90, 36, 10, 85, 11, 222, 75, 183, 65, 223, 25, 247, 46, 190, 181, 167, 170, 125, 129, 3380]",
GSE54831_CallingCards_pValue.txt.gz,hms2_pval,,,,,,,p-values truncated or right-skewed
GSE54831_CallingCards_pValue.txt.gz,hot1_pval,raw,other,,,118,"[80, 38, 22, 33, 13, 31, 24, 37, 27, 43, 54, 44, 27, 50, 51, 9, 33, 65, 24, 30, 105, 31, 95, 22, 15, 216, 9, 88, 182, 48, 235, 28, 213, 58, 198, 185, 150, 183, 170, 3484]",
GSE54831_CallingCards_pValue.txt.gz,mfg1_pval,,,,,,,p-values truncated or right-skewed
GSE54831_CallingCards_pValue.txt.gz,mga1_pval,raw,other,,,343,"[244, 99, 87, 56, 112, 136, 11, 14, 35, 90, 367, 14, 26, 14, 45, 46, 81, 108, 32, 171, 43, 162, 72, 17, 126, 288, 112, 86, 27, 305, 36, 167, 24, 359, 225, 152, 176, 329, 312, 1644]",
GSE54831_CallingCards_pValue.txt.gz,mit1_pval,,,,,,,p-values truncated or right-skewed
GSE54831_CallingCards_pValue.txt.gz,msn1_pval,raw,other,,,61,"[45, 16, 23, 22, 26, 9, 49, 10, 55, 26, 28, 49, 13, 89, 19, 55, 97, 29, 22, 102, 23, 119, 21, 37, 78, 173, 66, 43, 247, 51, 234, 50, 229, 231, 185, 152, 116, 158, 171, 3282]",
GSE54831_CallingCards_pValue.txt.gz,msn2_pval,raw,other,,,165,"[108, 57, 40, 47, 36, 68, 30, 26, 79, 4, 81, 75, 14, 40, 125, 17, 38, 54, 116, 47, 22, 99, 34, 24, 94, 209, 1, 123, 222, 99, 41, 266, 31, 278, 62, 232, 184, 239, 163, 2925]",
GSE54831_CallingCards_pValue.txt.gz,msn4_pval,raw,other,,,202,"[137, 65, 59, 72, 61, 37, 77, 45, 57, 1, 105, 146, 14, 31, 30, 123, 132, 39, 50, 24, 97, 152, 58, 77, 15, 225, 149, 59, 46, 145, 269, 21, 187, 248, 169, 249, 114, 265, 348, 2252]",
GSE54831_CallingCards_pValue.txt.gz,mss11_pval,raw,other,,,131,"[117, 14, 17, 15, 24, 5, 45, 2, 5, 15, 59, 8, 19, 19, 35, 8, 56, 28, 43, 8, 23, 81, 55, 16, 17, 232, 26, 11, 144, 6, 205, 115, 29, 297, 36, 291, 261, 210, 254, 3599]",
GSE54831_CallingCards_pValue.txt.gz,nrg1_pval,raw,other,,,239,"[201, 38, 18, 33, 16, 13, 39, 7, 19, 13, 48, 15, 23, 31, 14, 60, 4, 35, 8, 27, 67, 34, 29, 11, 122, 161, 4, 41, 97, 193, 116, 21, 234, 98, 58, 231, 255, 239, 307, 3470]",
GSE54831_CallingCards_pValue.txt.gz,phd1_pval,raw,other,,,541,"[429, 112, 132, 135, 73, 82, 23, 172, 18, 50, 240, 47, 35, 75, 63, 162, 50, 16, 178, 107, 19, 77, 59, 51, 28, 188, 309, 204, 100, 55, 41, 28, 17, 377, 160, 170, 256, 253, 366, 1493]",
GSE54831_CallingCards_pValue.txt.gz,rgm1_pval,raw,other,,,99,"[62, 37, 36, 45, 36, 72, 8, 73, 10, 28, 83, 16, 21, 60, 85, 52, 23, 120, 59, 15, 49, 87, 35, 119, 25, 177, 108, 33, 269, 39, 62, 230, 76, 267, 252, 182, 156, 156, 202, 2985]",
GSE54831_CallingCards_pValue.txt.gz,rim101_pval,raw,other,,,76,"[51, 25, 27, 42, 44, 6, 50, 19, 19, 59, 41, 66, 11, 125, 9, 60, 125, 28, 22, 90, 35, 96, 49, 40, 73, 172, 65, 39, 250, 51, 220, 55, 244, 197, 182, 158, 130, 153, 150, 3172]",
GSE54831_CallingCards_pValue.txt.gz,rlm1_pval,raw,conservative,,,99,"[81, 18, 10, 21, 7, 6, 15, 13, 6, 4, 45, 3, 6, 55, 7, 16, 33, 16, 6, 44, 2, 57, 1, 42, 5, 94, 30, 134, 15, 29, 158, 12, 170, 143, 141, 130, 95, 141, 161, 4478]",
GSE54831_CallingCards_pValue.txt.gz,rtg1_pval,raw,conservative,,,43,"[37, 6, 13, 5, 12, 11, 19, 24, 4, 3, 13, 29, 9, 22, 25, 23, 19, 29, 21, 32, 19, 25, 25, 22, 16, 63, 102, 115, 112, 105, 122, 148, 73, 98, 95, 86, 77, 41, 42, 4708]",
GSE54831_CallingCards_pValue.txt.gz,sfl1_pval,raw,other,,,121,"[112, 9, 10, 12, 2, 19, 11, 6, 21, 11, 29, 21, 9, 1, 34, 17, 4, 7, 74, 3, 15, 20, 51, 22, 15, 161, 23, 9, 64, 150, 63, 181, 60, 187, 58, 204, 178, 168, 261, 4148]",
GSE54831_CallingCards_pValue.txt.gz,skn7_pval,raw,conservative,,,104,"[95, 9, 6, 5, 7, 4, 9, 6, 7, 7, 16, 8, 11, 20, 9, 8, 25, 4, 41, 7, 11, 24, 12, 24, 9, 74, 6, 93, 19, 9, 92, 96, 19, 123, 87, 75, 116, 108, 136, 5013]",
GSE54831_CallingCards_pValue.txt.gz,smp1_pval,raw,conservative,,,32,"[20, 12, 11, 24, 11, 17, 17, 26, 17, 6, 26, 36, 9, 33, 36, 37, 35, 9, 26, 14, 37, 31, 15, 19, 30, 87, 119, 112, 127, 142, 102, 101, 139, 96, 74, 70, 67, 66, 49, 4545]",
GSE54831_CallingCards_pValue.txt.gz,sok2_pval,,,,,,,p-values truncated or right-skewed
GSE54831_CallingCards_pValue.txt.gz,ste12_pval,,,,,,,p-values truncated or right-skewed
GSE54831_CallingCards_pValue.txt.gz,tec1_pval,raw,other,,,114,"[111, 3, 10, 11, 1, 5, 8, 7, 22, 8, 34, 8, 4, 9, 24, 3, 18, 9, 56, 23, 20, 5, 4, 1, 67, 176, 7, 1, 28, 100, 3, 221, 37, 102, 24, 294, 50, 339, 323, 4274]",
GSE54831_CallingCards_pValue.txt.gz,yap6_pval,,,,,,,p-values truncated or right-skewed
GSE55280_Heart_Pool3_vs._Heart_Pool4.xls.gz,,,,,,,,no pvalues
GSE55328_Cbrb_vs_LadS.csv.gz,pval,raw,other,improvement; effects,,761,"[592, 169, 146, 142, 118, 142, 121, 118, 129, 124, 109, 84, 79, 87, 88, 59, 67, 59, 60, 63, 53, 70, 43, 55, 45, 43, 51, 46, 35, 36, 54, 34, 45, 54, 40, 42, 56, 28, 38, 144]",
GSE55328_Cbrb_vs_LadS.csv.gz,pval,basemean,anti-conservative,improvement; effects,0.5351386202450034,754,"[588, 166, 141, 135, 114, 125, 113, 107, 120, 114, 100, 72, 71, 75, 76, 46, 53, 44, 48, 54, 44, 54, 33, 42, 33, 36, 44, 33, 24, 27, 44, 22, 32, 42, 27, 37, 43, 18, 30, 75]",
GSE56122_LPS-genes.fpkm_tracking.gz,,,,,,,,no pvalues
GSE57374_qm9414_norm.counts.txt.gz,,,,,,,,no pvalues
GSE57487_raw_counts.txt.gz,,,,,,,,all p-values are NaN
GSE57993_peakwise-tails.csv.gz,,,,,,,,no pvalues
GSE59773_angcuffdiffconserved_genes.fpkm_tracking.gz,,,,,,,,no pvalues
GSE63509_Raw_read_counts_of_imprinted_genes_in_skeletal_muscle.txt.gz,,,,,,,,no pvalues
cds.diff from GSE67931_cuffdiff_out_pLKO1_vs_shLPA2.tar.gz,,,,,,,,empty table
cds_exp.diff from GSE67931_cuffdiff_out_pLKO1_vs_shLPA2.tar.gz,,,,,,,,empty table
gene_exp.diff from GSE67931_cuffdiff_out_pLKO1_vs_shLPA2.tar.gz,p_value,raw,other,same bad,,780,"[520, 260, 204, 228, 215, 225, 295, 277, 374, 326, 374, 667, 338, 332, 406, 441, 467, 450, 397, 418, 435, 467, 438, 469, 491, 463, 493, 536, 530, 558, 624, 574, 562, 644, 634, 672, 686, 673, 740, 6429]",
gene_exp.diff from GSE67931_cuffdiff_out_pLKO1_vs_shLPA2.tar.gz,p_value,fpkm,other,same bad,,606,"[407, 199, 155, 168, 147, 165, 173, 194, 196, 211, 204, 213, 226, 234, 250, 257, 265, 277, 274, 274, 308, 331, 306, 336, 344, 328, 334, 363, 349, 359, 392, 397, 353, 413, 411, 427, 419, 405, 432, 587]",
splicing.diff from GSE67931_cuffdiff_out_pLKO1_vs_shLPA2.tar.gz,p_value,raw,bimodal,,,13218,"[13149, 69, 59, 54, 52, 69, 50, 51, 63, 60, 53, 65, 63, 56, 66, 55, 82, 80, 88, 105, 103, 80, 96, 91, 114, 107, 113, 119, 108, 119, 123, 161, 155, 195, 151, 178, 193, 218, 243, 12109]",
promoters.diff from GSE67931_cuffdiff_out_pLKO1_vs_shLPA2.tar.gz,p_value,raw,bimodal,,,10337,"[10298, 39, 43, 29, 25, 26, 27, 26, 22, 32, 23, 24, 31, 29, 41, 26, 30, 32, 25, 52, 33, 36, 41, 39, 40, 42, 52, 43, 53, 46, 60, 60, 49, 65, 63, 49, 74, 81, 54, 12472]",
isoform_exp.diff from GSE67931_cuffdiff_out_pLKO1_vs_shLPA2.tar.gz,p_value,raw,other,no improvement,,1383,"[900, 483, 420, 396, 421, 432, 527, 508, 597, 578, 670, 926, 587, 623, 823, 719, 676, 762, 754, 1376, 616, 686, 703, 720, 811, 800, 809, 810, 829, 922, 991, 950, 997, 1074, 1133, 1195, 1257, 1339, 1444, 16229]",
isoform_exp.diff from GSE67931_cuffdiff_out_pLKO1_vs_shLPA2.tar.gz,p_value,fpkm,bimodal,no improvement,,806,"[540, 266, 224, 206, 222, 251, 223, 265, 259, 267, 301, 282, 298, 313, 338, 337, 342, 360, 381, 375, 376, 412, 430, 433, 477, 479, 452, 452, 463, 505, 519, 517, 500, 558, 579, 588, 585, 611, 618, 1209]",
tss_group_exp.diff from GSE67931_cuffdiff_out_pLKO1_vs_shLPA2.tar.gz,p_value,raw,conservative,no improvement,,959,"[637, 322, 270, 270, 255, 298, 356, 335, 405, 382, 430, 728, 400, 407, 481, 491, 498, 475, 476, 630, 463, 512, 496, 514, 556, 544, 549, 576, 600, 624, 685, 675, 645, 716, 725, 776, 805, 812, 865, 8481]",
tss_group_exp.diff from GSE67931_cuffdiff_out_pLKO1_vs_shLPA2.tar.gz,p_value,fpkm,other,no improvement,,678,"[452, 226, 189, 182, 162, 204, 192, 225, 197, 215, 227, 238, 250, 273, 263, 283, 288, 282, 308, 306, 319, 349, 329, 352, 371, 366, 347, 376, 377, 380, 415, 459, 372, 435, 447, 458, 463, 461, 470, 819]",
GSE68775_SIN3_KD_LID_KD_vs_GFP_RNAi.txt.gz,p_value,raw,bimodal,improvement; effects,,1842,"[1483, 359, 328, 235, 193, 192, 191, 208, 163, 155, 183, 167, 173, 156, 160, 148, 151, 143, 126, 146, 148, 160, 139, 145, 154, 147, 161, 144, 151, 148, 154, 139, 168, 153, 180, 147, 169, 169, 153, 6553]",
GSE68775_SIN3_KD_LID_KD_vs_GFP_RNAi.txt.gz,p_value,fpkm,anti-conservative,improvement; effects,0.8756841282251762,1741,"[1405, 336, 313, 221, 181, 184, 172, 196, 157, 147, 171, 158, 166, 145, 143, 138, 141, 133, 118, 131, 139, 154, 126, 133, 144, 142, 148, 132, 133, 137, 139, 127, 158, 139, 167, 128, 157, 156, 144, 215]",
GSE70078_LHSAR_RNA_seq_expression.txt.gz,,,,,,,,no pvalues
GSE71396_K1-ER_K1-NanER_DEGs.csv.gz,k1-er tamx pval,raw,anti-conservative,same good,0.38560411311053994,1045,"[956, 89, 66, 36, 39, 28, 23, 27, 20, 22, 10, 11, 17, 16, 14, 13, 8, 10, 5, 10, 3, 8, 3, 4, 11, 8, 2, 2, 8, 1, 7, 3, 7, 3, 2, 4, 7, 5, 6, 42]",
GSE71396_K1-ER_K1-NanER_DEGs.csv.gz,k1-er tamx pval,fpkm,anti-conservative,same good,0.27888446215139445,1014,"[925, 89, 66, 36, 39, 28, 23, 27, 20, 21, 10, 11, 17, 16, 14, 13, 8, 10, 5, 10, 3, 8, 3, 4, 11, 8, 2, 2, 8, 1, 7, 3, 7, 3, 2, 4, 7, 5, 6, 24]",
GSE71396_K1-ER_K1-NanER_DEGs.csv.gz,k1-naner tamx pval,raw,anti-conservative,same good,0.35989717223650397,1300,"[1275, 25, 24, 14, 11, 13, 9, 11, 12, 6, 10, 7, 6, 7, 5, 1, 5, 3, 7, 5, 5, 2, 1, 5, 1, 2, 5, 1, 5, 3, 3, 1, 2, 1, 2, 5, 3, 3, 4, 46]",
GSE71396_K1-ER_K1-NanER_DEGs.csv.gz,k1-naner tamx pval,fpkm,anti-conservative,same good,0.26560424966799473,1276,"[1251, 25, 21, 14, 11, 13, 9, 10, 10, 5, 9, 7, 6, 7, 5, 0, 5, 3, 7, 4, 5, 2, 1, 5, 1, 2, 5, 1, 5, 3, 3, 1, 2, 1, 2, 5, 3, 3, 4, 30]",
GSE71609_2015_MZT.txt.gz,p_value,raw,bimodal,improvement; effects,,11535,"[10974, 561, 357, 277, 241, 308, 225, 229, 228, 251, 105, 93, 106, 77, 86, 74, 79, 63, 59, 56, 57, 79, 62, 48, 55, 51, 65, 58, 51, 58, 49, 40, 48, 44, 49, 50, 57, 42, 47, 17112]",
GSE71609_2015_MZT.txt.gz,p_value,fpkm,anti-conservative,improvement; effects,0.3793418647166363,11150,"[10631, 519, 326, 257, 230, 282, 209, 210, 214, 221, 103, 89, 102, 75, 84, 73, 77, 62, 59, 54, 56, 79, 61, 48, 55, 51, 64, 58, 50, 58, 47, 40, 48, 44, 49, 50, 57, 42, 46, 436]",
GSE71609_2015_MZT.txt.gz,p_value.1,raw,bimodal,same bad,,5125,"[4322, 803, 564, 514, 452, 371, 344, 322, 293, 308, 255, 248, 262, 238, 214, 230, 199, 202, 216, 172, 189, 223, 179, 192, 186, 190, 195, 203, 176, 172, 203, 189, 201, 191, 190, 177, 172, 187, 200, 18427]",
GSE71609_2015_MZT.txt.gz,p_value.1,fpkm,bimodal,same bad,,5028,"[4237, 791, 545, 499, 444, 360, 336, 313, 288, 299, 250, 244, 261, 236, 213, 226, 194, 200, 214, 172, 188, 218, 179, 191, 183, 190, 192, 200, 173, 172, 200, 188, 198, 190, 188, 175, 171, 184, 198, 1416]",
GSE71609_2015_MZT.txt.gz,p_value.2,raw,bimodal,same bad,,3712,"[2977, 735, 571, 527, 456, 403, 372, 365, 328, 334, 282, 253, 302, 269, 287, 278, 274, 272, 245, 248, 236, 259, 253, 212, 250, 219, 220, 234, 212, 230, 247, 214, 218, 254, 226, 221, 246, 248, 251, 18343]",
GSE71609_2015_MZT.txt.gz,p_value.2,fpkm,bimodal,same bad,,3677,"[2951, 726, 568, 521, 451, 389, 367, 363, 326, 322, 278, 250, 300, 264, 279, 274, 270, 269, 242, 248, 232, 256, 251, 206, 245, 216, 217, 229, 211, 227, 246, 210, 216, 251, 222, 220, 242, 245, 250, 1266]",
GSE71609_2015_MZT.txt.gz,p_value.3,raw,bimodal,same bad,,11154,"[10516, 638, 393, 330, 289, 311, 269, 188, 244, 286, 140, 86, 100, 74, 77, 84, 42, 58, 75, 47, 59, 58, 56, 50, 57, 48, 45, 62, 46, 45, 51, 49, 56, 49, 43, 49, 42, 50, 34, 17375]",
GSE71609_2015_MZT.txt.gz,p_value.3,fpkm,bimodal,same bad,,10843,"[10240, 603, 360, 309, 269, 274, 238, 162, 210, 238, 132, 86, 98, 73, 75, 82, 41, 56, 72, 47, 58, 57, 55, 50, 57, 47, 45, 62, 46, 45, 51, 48, 56, 49, 43, 49, 42, 48, 34, 709]",
GSE71609_2015_MZT.txt.gz,p_value.4,raw,bimodal,same bad,,9646,"[9040, 606, 405, 318, 246, 200, 206, 164, 167, 147, 138, 117, 104, 99, 94, 96, 100, 94, 97, 84, 69, 74, 75, 74, 76, 71, 86, 76, 84, 59, 64, 76, 71, 64, 57, 75, 78, 73, 82, 18665]",
GSE71609_2015_MZT.txt.gz,p_value.4,fpkm,bimodal,same bad,,9282,"[8725, 557, 379, 303, 229, 179, 186, 152, 154, 131, 127, 111, 101, 94, 88, 91, 95, 92, 95, 81, 64, 69, 74, 73, 68, 69, 84, 70, 83, 57, 60, 72, 66, 62, 57, 72, 75, 68, 81, 2022]",
sheet-EST-d_lt40_over_EST-u.cuffdiff from GSE72712_ESCd_lt40_over_ESCu.cuffdiff.xlsx,p_value,raw,bimodal,same bad,,9732,"[8684, 1048, 765, 583, 539, 460, 484, 448, 468, 540, 374, 310, 301, 277, 277, 248, 269, 240, 246, 218, 228, 224, 215, 196, 200, 171, 205, 185, 191, 205, 169, 195, 195, 160, 189, 198, 156, 156, 155, 43861]",
sheet-EST-d_lt40_over_EST-u.cuffdiff from GSE72712_ESCd_lt40_over_ESCu.cuffdiff.xlsx,p_value,fpkm,bimodal,same bad,,8620,"[7750, 870, 621, 462, 410, 346, 378, 357, 353, 372, 275, 249, 231, 224, 215, 203, 201, 186, 195, 171, 189, 173, 170, 165, 155, 135, 178, 152, 156, 163, 146, 157, 167, 132, 152, 156, 125, 142, 135, 580]",
GSE74356_X4p53_Chr16_sgRNA_2_APH_comb.txt.gz,,,,,,,,no pvalues
cds.diff from GSE75035_04_cuffdiff_LNCaP_ECI1_vs_Scr.tar.gz,p_value,raw,conservative,,,269,"[222, 47, 68, 64, 62, 73, 51, 57, 55, 49, 34, 54, 62, 43, 47, 39, 43, 62, 43, 49, 47, 48, 44, 44, 36, 42, 42, 43, 46, 55, 46, 51, 59, 55, 39, 43, 50, 46, 41, 16466]",
cds_exp.diff from GSE75035_04_cuffdiff_LNCaP_ECI1_vs_Scr.tar.gz,p_value,raw,bimodal,no improvement,,1239,"[827, 412, 331, 312, 339, 344, 323, 364, 457, 399, 297, 287, 331, 260, 308, 294, 291, 275, 279, 292, 276, 283, 266, 251, 281, 294, 260, 260, 281, 253, 277, 258, 280, 242, 239, 258, 244, 262, 269, 17202]",
cds_exp.diff from GSE75035_04_cuffdiff_LNCaP_ECI1_vs_Scr.tar.gz,p_value,fpkm,other,no improvement,,1216,"[815, 401, 315, 301, 298, 310, 285, 302, 400, 342, 258, 261, 288, 233, 278, 265, 254, 258, 258, 273, 261, 263, 250, 238, 263, 283, 250, 250, 268, 244, 266, 249, 265, 240, 235, 249, 239, 258, 265, 765]",
gene_exp.diff from GSE75035_04_cuffdiff_LNCaP_ECI1_vs_Scr.tar.gz,p_value,raw,bimodal,improvement; effects,,1700,"[1225, 475, 412, 337, 375, 376, 332, 332, 348, 305, 323, 301, 296, 280, 293, 292, 294, 287, 257, 318, 281, 283, 284, 280, 254, 300, 300, 308, 289, 296, 278, 272, 304, 270, 285, 267, 261, 303, 293, 12887]",
gene_exp.diff from GSE75035_04_cuffdiff_LNCaP_ECI1_vs_Scr.tar.gz,p_value,fpkm,anti-conservative,improvement; effects,0.9023321333542027,1656,"[1197, 459, 392, 327, 356, 358, 317, 308, 321, 283, 300, 286, 289, 268, 284, 284, 282, 280, 250, 309, 276, 275, 279, 273, 248, 298, 294, 299, 284, 294, 273, 269, 300, 268, 280, 265, 257, 302, 291, 303]",
isoform_exp.diff from GSE75035_04_cuffdiff_LNCaP_ECI1_vs_Scr.tar.gz,p_value,raw,conservative,no improvement,,1727,"[1107, 620, 543, 530, 746, 727, 766, 1066, 1177, 1063, 788, 687, 781, 692, 660, 776, 728, 687, 700, 617, 588, 592, 585, 549, 590, 581, 610, 591, 592, 548, 567, 555, 599, 547, 570, 588, 566, 566, 619, 39612]",
isoform_exp.diff from GSE75035_04_cuffdiff_LNCaP_ECI1_vs_Scr.tar.gz,p_value,fpkm,other,no improvement,,1654,"[1074, 580, 495, 497, 569, 560, 592, 685, 835, 719, 609, 563, 586, 519, 542, 598, 547, 566, 574, 519, 512, 515, 507, 495, 503, 529, 547, 529, 547, 515, 528, 512, 552, 522, 530, 556, 534, 538, 597, 2042]",
promoters.diff from GSE75035_04_cuffdiff_LNCaP_ECI1_vs_Scr.tar.gz,p_value,raw,conservative,,,415,"[314, 101, 116, 124, 145, 122, 104, 84, 107, 105, 98, 77, 88, 93, 96, 98, 84, 86, 67, 84, 84, 88, 89, 90, 91, 93, 96, 99, 79, 79, 88, 116, 93, 93, 82, 97, 107, 82, 73, 21841]",
splicing.diff from GSE75035_04_cuffdiff_LNCaP_ECI1_vs_Scr.tar.gz,p_value,raw,conservative,,,728,"[561, 167, 217, 234, 234, 229, 208, 163, 177, 148, 146, 155, 150, 159, 132, 126, 125, 134, 135, 125, 116, 137, 129, 129, 127, 122, 101, 155, 120, 111, 114, 119, 112, 126, 124, 133, 126, 127, 137, 31138]",
tss_group_exp.diff from GSE75035_04_cuffdiff_LNCaP_ECI1_vs_Scr.tar.gz,p_value,raw,bimodal,same bad,,1747,"[1209, 538, 503, 440, 502, 490, 477, 565, 557, 530, 476, 420, 464, 410, 460, 470, 431, 385, 433, 410, 444, 398, 386, 374, 387, 417, 409, 423, 407, 411, 383, 357, 424, 374, 408, 438, 397, 398, 443, 19380]",
tss_group_exp.diff from GSE75035_04_cuffdiff_LNCaP_ECI1_vs_Scr.tar.gz,p_value,fpkm,bimodal,same bad,,1695,"[1179, 516, 476, 413, 439, 436, 408, 448, 455, 431, 400, 370, 406, 359, 416, 412, 378, 349, 401, 377, 416, 372, 367, 354, 360, 395, 378, 398, 392, 400, 369, 347, 414, 363, 398, 431, 379, 387, 433, 871]",
GSE75293_Chitosan_Summary.xls.gz,,,,,,,,no pvalues
GSE75818_WTKasRep1.csv.gz,,,,,,,,no pvalues
GSE75818_sigPep.csv.gz,,,,,,,,no pvalues
GSE77217_expression.txt.gz,p value,raw,other,,,1118,"[848, 270, 295, 187, 226, 189, 113, 107, 142, 78, 115, 116, 59, 94, 53, 62, 100, 56, 73, 33, 81, 56, 70, 80, 61, 48, 61, 48, 33, 27, 51, 25, 47, 50, 35, 28, 49, 43, 28, 39]",
GSE77257_FPKM_expression_matrix.txt.gz,,,,,,,,no pvalues
GSE78084_Supplementary_file_1_PAR-CLIP_RNA-seq_annotation.txt.gz,ms-lfq -log(p-value) based on multiple t-testing,,,,,,,p-values not in 0 to 1 range
GSE78199_Marsh_Cuffdiff_differential_gene_expression.txt.gz,p_value,raw,conservative,no improvement,,1416,"[1031, 385, 365, 321, 325, 292, 311, 348, 312, 293, 296, 285, 288, 322, 288, 319, 277, 326, 288, 315, 299, 314, 299, 343, 338, 327, 363, 353, 341, 368, 326, 409, 375, 390, 359, 402, 392, 416, 386, 26525]",
GSE78199_Marsh_Cuffdiff_differential_gene_expression.txt.gz,p_value,fpkm,other,no improvement,,1243,"[906, 337, 314, 277, 285, 240, 260, 288, 271, 265, 262, 252, 256, 272, 256, 275, 236, 277, 248, 268, 260, 269, 254, 290, 290, 290, 307, 323, 300, 315, 282, 351, 322, 329, 290, 340, 327, 366, 328, 390]",
GSE78199_Marsh_Cuffdiff_differential_gene_expression.txt.gz,p_value.1,raw,conservative,no improvement,,1528,"[1081, 447, 387, 341, 345, 321, 311, 299, 325, 297, 293, 283, 275, 276, 291, 314, 296, 296, 287, 322, 304, 338, 327, 311, 342, 299, 337, 351, 339, 332, 345, 349, 376, 390, 364, 433, 374, 407, 405, 26502]",
GSE78199_Marsh_Cuffdiff_differential_gene_expression.txt.gz,p_value.1,fpkm,other,no improvement,,1339,"[968, 371, 338, 290, 293, 268, 271, 259, 274, 258, 257, 238, 238, 247, 251, 276, 257, 264, 252, 277, 265, 305, 280, 271, 288, 266, 290, 312, 283, 283, 296, 292, 316, 320, 316, 368, 326, 351, 346, 347]",
GSE78199_Marsh_Cuffdiff_differential_gene_expression.txt.gz,p_value.2,raw,bimodal,improvement; effects,,2576,"[2071, 505, 446, 344, 349, 322, 338, 307, 259, 262, 274, 266, 288, 262, 262, 260, 257, 242, 246, 277, 253, 267, 288, 315, 288, 290, 298, 273, 293, 308, 289, 327, 332, 346, 325, 375, 350, 347, 339, 26572]",
GSE78199_Marsh_Cuffdiff_differential_gene_expression.txt.gz,p_value.2,fpkm,anti-conservative,improvement; effects,0.9797848059993481,2291,"[1839, 452, 396, 307, 304, 289, 299, 266, 235, 221, 254, 237, 260, 229, 227, 222, 218, 214, 220, 240, 223, 229, 254, 271, 249, 248, 255, 241, 246, 262, 243, 275, 276, 290, 274, 301, 296, 283, 289, 334]",
GSE78199_Marsh_Cuffdiff_differential_gene_expression.txt.gz,p_value.3,raw,bimodal,improvement; effects,,2699,"[2133, 566, 495, 406, 389, 368, 343, 316, 343, 330, 312, 250, 294, 262, 287, 274, 263, 310, 289, 263, 283, 261, 279, 300, 280, 290, 280, 275, 295, 287, 313, 277, 289, 290, 307, 307, 323, 311, 285, 26287]",
GSE78199_Marsh_Cuffdiff_differential_gene_expression.txt.gz,p_value.3,fpkm,anti-conservative,improvement; effects,0.8355070101075972,2395,"[1895, 500, 442, 354, 333, 325, 288, 274, 289, 277, 268, 217, 254, 224, 243, 238, 226, 256, 249, 230, 236, 216, 241, 263, 233, 248, 235, 240, 241, 242, 263, 222, 238, 247, 248, 248, 263, 249, 241, 272]",
GSE78199_Marsh_Cuffdiff_differential_gene_expression.txt.gz,p_value.4,raw,bimodal,same bad,,1850,"[1396, 454, 408, 361, 321, 303, 329, 288, 295, 275, 272, 283, 284, 259, 276, 290, 264, 294, 276, 290, 320, 298, 312, 300, 278, 333, 299, 328, 327, 349, 337, 346, 353, 400, 360, 391, 354, 396, 413, 26600]",
GSE78199_Marsh_Cuffdiff_differential_gene_expression.txt.gz,p_value.4,fpkm,bimodal,same bad,,1636,"[1238, 398, 363, 315, 280, 279, 289, 246, 262, 233, 240, 240, 256, 226, 246, 251, 236, 256, 241, 254, 285, 255, 260, 253, 243, 297, 258, 288, 272, 302, 291, 293, 303, 335, 301, 328, 279, 333, 351, 392]",
GSE78199_Marsh_Cuffdiff_differential_gene_expression.txt.gz,p_value.5,raw,conservative,no improvement,,1285,"[940, 345, 291, 282, 283, 235, 285, 280, 276, 289, 256, 287, 282, 275, 262, 292, 287, 284, 297, 296, 306, 320, 316, 319, 358, 344, 360, 397, 374, 370, 355, 388, 405, 411, 456, 448, 456, 435, 456, 26714]",
GSE78199_Marsh_Cuffdiff_differential_gene_expression.txt.gz,p_value.5,fpkm,bimodal,no improvement,,1130,"[835, 295, 254, 247, 244, 201, 249, 241, 257, 253, 219, 250, 254, 253, 232, 262, 253, 252, 259, 255, 270, 283, 272, 281, 310, 297, 311, 346, 320, 318, 304, 332, 346, 339, 387, 382, 383, 365, 401, 456]",
GSE79477_131_vs_132_ANOVA.txt.gz,,,,,,,,all p-values are NaN
GSE80543_rpkm.txt.gz,,,,,,,,no pvalues
GSE80737_BR20-20_2028-20_batch_DE.txt.gz,pvalue,raw,other,same bad,,621,"[400, 221, 196, 195, 221, 202, 218, 245, 261, 246, 286, 287, 333, 337, 355, 379, 400, 427, 392, 417, 439, 492, 504, 476, 505, 494, 516, 562, 547, 599, 600, 606, 629, 661, 616, 621, 673, 706, 657, 681]",
GSE80737_BR20-20_2028-20_batch_DE.txt.gz,pvalue,logcpm,other,same bad,,603,"[388, 215, 192, 193, 217, 202, 217, 240, 257, 246, 284, 286, 332, 335, 353, 379, 399, 422, 392, 416, 436, 490, 503, 473, 504, 491, 514, 561, 544, 598, 599, 602, 627, 659, 612, 616, 667, 703, 656, 676]",
GSE81063_MR1T_counts.txt.gz,,,,,,,,no pvalues
GSE81802_M81_new_viral_genes_RPKM.txt.gz,,,,,,,,no pvalues
GSE81889_Ctrl_vs_ifnA.differential_gene_expression.out.txt.gz,pvalue,raw,other,improvement; effects,,1160,"[782, 378, 364, 359, 338, 325, 326, 352, 382, 361, 404, 395, 370, 403, 378, 414, 451, 478, 472, 470, 474, 537, 498, 469, 570, 472, 524, 530, 533, 530, 498, 528, 549, 657, 409, 679, 401, 390, 374, 370]",
GSE81889_Ctrl_vs_ifnA.differential_gene_expression.out.txt.gz,pvalue,basemean,anti-conservative,improvement; effects,0.9868592811765732,956,"[657, 299, 277, 283, 271, 250, 238, 237, 266, 245, 271, 260, 245, 255, 252, 276, 275, 284, 265, 277, 261, 287, 279, 287, 286, 288, 299, 294, 306, 306, 287, 296, 303, 315, 302, 278, 295, 301, 270, 268]",
sheet-CTRL_vs_Gsk3b_Cuffdiff.txt from GSE84302_CTRL_vs_siGsk3b.xlsx,p value,raw,other,,,915,"[581, 334, 341, 307, 342, 339, 316, 323, 337, 356, 341, 334, 312, 343, 348, 387, 385, 359, 385, 347, 400, 381, 404, 415, 396, 391, 440, 423, 440, 428, 462, 486, 486, 479, 503, 502, 520, 588, 599, 827]",
GSE86086_Processed_data_Result_DEG_LEEKT.txt.gz,pvalue,,,,,,,p-values truncated or right-skewed
GSE87266_gene_counts.csv.gz,,,,,,,,no pvalues
GSE87821_BRG1fl.nucRNAseq.DESeq2_Results.txt.gz,brg1fl.deseq.pvalue,raw,anti-conservative,same good,0.6908029496108153,4555,"[3625, 930, 650, 556, 555, 502, 504, 453, 424, 395, 419, 334, 388, 328, 368, 348, 358, 353, 396, 340, 349, 404, 327, 489, 347, 344, 321, 480, 338, 317, 484, 334, 302, 307, 440, 370, 339, 289, 397, 324]",
GSE87821_BRG1fl.nucRNAseq.DESeq2_Results.txt.gz,brg1fl.deseq.pvalue,basemean,anti-conservative,same good,0.6224826071036251,4494,"[3596, 898, 615, 520, 521, 466, 455, 418, 380, 359, 365, 300, 326, 275, 285, 267, 296, 293, 274, 271, 276, 304, 267, 263, 282, 279, 254, 234, 279, 250, 241, 253, 241, 237, 247, 279, 270, 233, 276, 241]",
GSE89665_COMP3_DE_Table.txt.gz,pvalue,raw,bimodal,improvement; effects,,3239,"[2643, 596, 500, 383, 347, 454, 308, 357, 350, 294, 451, 333, 289, 274, 303, 399, 262, 291, 356, 236, 835, 259, 300, 267, 287, 506, 260, 378, 277, 346, 303, 303, 290, 260, 255, 257, 230, 244, 205, 23152]",
GSE89665_COMP3_DE_Table.txt.gz,pvalue,logcpm,anti-conservative,improvement; effects,0.8332542469393567,2266,"[1900, 366, 296, 271, 246, 225, 208, 227, 210, 219, 203, 204, 226, 205, 199, 209, 220, 219, 194, 186, 193, 209, 213, 207, 229, 215, 209, 217, 222, 231, 218, 210, 222, 206, 207, 218, 202, 219, 205, 252]",
GSE90766_Huising_mouse_alpha_transdifferentiated_STAR_mm10_RPKM.csv.gz,,,,,,,,no pvalues
GSE93894_SLX085-02-v4.604p_complete.xls.gz,,,,,,,,no pvalues
GSE94335_Differential_expression_BUD_vs_vehicle_asthma.txt.gz,pval,raw,anti-conservative,,0.8945297059480642,7205,"[5178, 2027, 1711, 1614, 1504, 1474, 1450, 1425, 1372, 1414, 1343, 1408, 1365, 1275, 1326, 1327, 1257, 1361, 1292, 1263, 1294, 1260, 1248, 1291, 1324, 1306, 1365, 1242, 1246, 1289, 1336, 1297, 1279, 1334, 1275, 1210, 1292, 1309, 1327, 1277]",
GSE94501_GeneMat.results.txt.gz,,,,,,,,no pvalues
GSE94813_v1.var.txt.gz,p-value,,,,,,,p-values truncated or right-skewed
GSE95180_Control_vs_clone5.csv.gz,pvalue,,,,,,,p-values not in 0 to 1 range
GSE95756_counts_scaled_DESeq.txt.gz,,,,,,,,no pvalues
GSE96586_HS83_normalized_counts.txt.gz,,,,,,,,no pvalues
GSE96896_Analysis_w115-M_vs._w115-NM.xls.gz,,,,,,,,no pvalues
GSE97728_Counts_Raw_Normalized.txt.gz,,,,,,,,no pvalues
GSE97776_res_ob6_ob10_deseq_full.tsv.gz,pval,raw,other,improvement; effects,,2924,"[2159, 765, 679, 628, 543, 550, 531, 520, 477, 457, 474, 461, 469, 495, 460, 471, 506, 522, 429, 452, 539, 482, 454, 451, 467, 619, 545, 468, 432, 469, 840, 448, 525, 544, 598, 563, 518, 436, 390, 1429]",
GSE97776_res_ob6_ob10_deseq_full.tsv.gz,pval,basemean,anti-conservative,improvement; effects,0.8357069919922611,2876,"[2135, 741, 638, 570, 501, 511, 498, 475, 428, 407, 418, 396, 416, 413, 408, 408, 407, 426, 367, 401, 386, 387, 385, 352, 375, 385, 385, 401, 365, 347, 365, 353, 394, 356, 449, 403, 400, 354, 340, 461]",
GSE98117_103888_1230_gene.xlsx,,,,,,,,no pvalues
GSE98898_TPM.txt.gz,,,,,,,,no pvalues
GSE99574_HiSAT2_dana.nrc.FB.txt.tar.gz,,,,,,,,no pvalues
