Accession;Supplementary file name;Type;True nulls proportion;"Type,
filtered";"True nulls proportion,
filtered"
GSE17970;GSE17970_supplemental_table_1.xls.gz;spiky;0.472168;NA;NA
GSE32038;GSE32038_cds.diff.gz;anti-conservative;0.074467;NA;NA
GSE32038;GSE32038_splicing.diff.gz;anti-conservative;0.061781;NA;NA
GSE34274;GSE34274_Reads_Table_1_Original_RV_Mu1_RV_Mu3_RV_Wt1_RV_Wt2.expr.txt.gz;spiky;0.747217;NA;NA
GSE34274;GSE34274_Reads_Table_1_Original_RV_Mu1_RV_Mu3_RV_Wt1_RV_Wt2.expr.txt.gz;spiky;0.754990;NA;NA
GSE34274;GSE34274_Reads_Table_1_Original_RV_Mu1_RV_Mu3_RV_Wt1_RV_Wt2.expr.txt.gz;bimodal;0.771169;NA;NA
GSE34274;GSE34274_Reads_Table_1_Original_RV_Mu1_RV_Mu3_RV_Wt1_RV_Wt2.expr.txt.gz;bimodal;0.778912;NA;NA
GSE34274;GSE34274_Reads_Table_1_Original_RV_Mu1_RV_Mu3_RV_Wt1_RV_Wt2.expr.txt.gz;bimodal;0.799155;NA;NA
GSE34274;GSE34274_Reads_Table_1_Original_RV_Mu1_RV_Mu3_RV_Wt1_RV_Wt2.expr.txt.gz;bimodal;0.844369;NA;NA
GSE36781;GSE36781_gene_exp_diff.txt.gz;anti-conservative;0.962530;NA;NA
GSE36959;GSE36959_gene_exp_diff.txt.gz;anti-conservative;0.641003;NA;NA
GSE37682;GSE37682_RAW.txt.gz;anti-conservative;0.686887;NA;NA
GSE41367;GSE41367_brenneri_gns.expr.txt.gz;anti-conservative;0.361350;NA;NA
GSE41367;GSE41367_brenneri_soap.expr.txt.gz;anti-conservative;0.367224;NA;NA
GSE41367;GSE41367_briggsae_gns.expr.txt.gz;anti-conservative;0.328385;NA;NA
GSE41367;GSE41367_briggsae_soap.expr.txt.gz;anti-conservative;0.346540;NA;NA
GSE41367;GSE41367_elegans_gns.expr.txt.gz;anti-conservative;0.298969;NA;NA
GSE41367;GSE41367_elegans_soap.expr.txt.gz;anti-conservative;0.264494;NA;NA
GSE41367;GSE41367_japonica_gns.expr.txt.gz;anti-conservative;0.288588;NA;NA
GSE41367;GSE41367_japonica_soap.expr.txt.gz;anti-conservative;0.289509;NA;NA
GSE41367;GSE41367_remanei_gns.expr.txt.gz;anti-conservative;0.266014;NA;NA
GSE41367;GSE41367_remanei_soap.expr.txt.gz;anti-conservative;0.253860;NA;NA
GSE41873;GSE41873_FPKM_all_genes_from_CuffDiff.txt.gz;bimodal;0.736752;NA;NA
GSE43143;GSE43143_tooth_FPKM_DE.txt.gz;anti-conservative;0.650611;NA;NA
GSE43143;GSE43143_tooth_FPKM_DE.txt.gz;anti-conservative;0.824788;NA;NA
GSE43143;GSE43143_tooth_FPKM_DE.txt.gz;anti-conservative;0.988251;NA;NA
GSE43189;GSE43189_processed_h99_rim101.csv.gz;anti-conservative;0.464064;NA;NA
GSE43194;GSE43194_E11_ICR_abundance_rep1.txt.gz;spiky;0.865318;NA;NA
GSE43194;GSE43194_E11_ICR_abundance_rep1.txt.gz;spiky;0.949432;NA;NA
GSE43194;GSE43194_E11_ICR_abundance_rep2.txt.gz;spiky;0.856904;NA;NA
GSE43194;GSE43194_E11_ICR_abundance_rep2.txt.gz;spiky;0.877061;NA;NA
GSE43194;GSE43194_E11_ICR_abundance_rep2.txt.gz;spiky;0.910785;NA;NA
GSE43194;GSE43194_HH18chick_abundance.txt.gz;spiky;0.721509;NA;NA
GSE43194;GSE43194_HH18chick_abundance.txt.gz;spiky;0.751013;NA;NA
GSE44402;GSE44402_QW_Table_S2-AS_targets_of_PQBP1_identified_from_RNA-seq.xlsx.gz;anti-conservative;0.234875;NA;NA
GSE44536;GSE44536_GEO_Processed_file_excel.xlsx.gz-sheet-FPKM_NC_009338;bimodal;0.975670;NA;NA
GSE44846;GSE44846_O157_genome_total.xlsx.gz-sheet-Sheet1;uniform;0.991559;NA;NA
GSE45788;GSE45788_S72_2_RefII_S72_1_Emf_exp.cuff.gz;anti-conservative;0.833703;NA;NA
GSE48671;GSE48671_all.GeneDiffExp.txt.gz;anti-conservative;0.159168;NA;NA
GSE48671;GSE48671_all.GeneDiffExp.txt.gz;anti-conservative;0.273900;NA;NA
GSE49587;GSE49587_ORvSmn_DEUtable.txt.gz;anti-conservative;0.765901;NA;NA
GSE50198;GSE50198_Tet1kd_vs_v6.5_DEXSeq_results.txt.gz;spiky;0.669047;NA;NA
GSE50198;GSE50198_Tet2kd_vs_v6.5_DEXSeq_results.txt.gz;spiky;0.675421;NA;NA
GSE50535;GSE50535_diffexp_1.txt.gz;anti-conservative;0.630220;NA;NA
GSE50535;GSE50535_diffexp_1.txt.gz;anti-conservative;0.640788;NA;NA
GSE50535;GSE50535_diffexp_2.txt.gz;anti-conservative;0.555871;NA;NA
GSE50535;GSE50535_diffexp_3.txt.gz;anti-conservative;0.302104;NA;NA
GSE50535;GSE50535_diffexp_3.txt.gz;anti-conservative;0.611213;NA;NA
GSE50708;GSE50708_DE_result.txt.gz;anti-conservative;0.319317;NA;NA
GSE51037;GSE51037_Untreated_Nitrate_Processed_CunninghamBussel.xlsx.gz;anti-conservative;0.895463;NA;NA
GSE52058;GSE52058_Cuffdiff_Dana_TestisOvary.gene_exp.diff.gz;spiky;0.353514;NA;NA
GSE52058;GSE52058_Cuffdiff_Dpse_TestisOvary.gene_exp.diff.gz;spiky;0.420969;NA;NA
GSE52153;GSE52153_czt-1DMSOvsczt-1STS.txt.gz;anti-conservative;0.548172;NA;NA
GSE53789;GSE53789_GFP_LCM_gt_GFP_FACS_gene_exp_with_zeros.diff.txt.gz;other;0.329123;NA;NA
GSE53789;GSE53789_GFP_LCM_gt_WT_FACS_gene_exp_with_zeros.diff.txt.gz;other;0.324396;NA;NA
GSE54440;GSE54440_WT_Z2_RNAseq_rep2.txt.gz;anti-conservative;0.510649;NA;NA
GSE55528;GSE55528_gene_exp_PA.diff.gz;spiky;0.563756;NA;NA
GSE55528;GSE55528_gene_exp_SA.diff.gz;spiky;0.684847;NA;NA
GSE56132;GSE56132_Pm_Si_expression.txt.gz;spiky;0.568690;NA;NA
GSE56169;GSE56169_normalized_RNASeq_Ctrl_vs_E2a.txt.gz;anti-conservative;0.372233;NA;NA
GSE57217;GSE57217_bck1wt_geneexp_diff.txt.gz;anti-conservative;0.725781;NA;NA
GSE57217;GSE57217_mkk2wt_geneexp_diff.txt.gz;anti-conservative;0.801698;NA;NA
GSE57217;GSE57217_mpk1wt_geneexp_diff.txt.gz;anti-conservative;0.769389;NA;NA
GSE58052;GSE58052_N.europaea_co-culture_over_single-culture.txt.gz;spiky;0.606316;NA;NA
GSE58053;GSE58053_25mm-over-0mm.txt.gz;anti-conservative;0.558586;NA;NA
GSE58053;GSE58053_25mm-over-1mm.txt.gz;anti-conservative;0.677642;NA;NA
GSE58495;GSE58495_diffexp_LSK.txt.gz;anti-conservative;0.579663;NA;NA
GSE58495;GSE58495_diffexp_LSK.txt.gz;anti-conservative;0.662131;NA;NA
GSE59814;GSE59814_processed_data.txt.gz;anti-conservative;0.526245;NA;NA
GSE59980;GSE59980_RNA-seq_598-SKD.txt.gz;anti-conservative;0.391623;NA;NA
GSE60191;GSE60191_RNA_halflives.xlsx.gz-sheet-Tabelle1;anti-conservative;0.323174;NA;NA
GSE62200;GSE62200_Table_S4.xls.gz-sheet-Table S5 N2Y6-M VS LYP9-M;anti-conservative;0.805745;NA;NA
GSE62785;GSE62785_Table_S1_Genes_differentially_expressed_in_hns_mutant_in_mid-exponential_phase.xls.gz-sheet-status = OK;anti-conservative;0.857121;NA;NA
GSE62785;GSE62785_Table_S2_Genes_differentially_expressed_in_hns_mutant_in_early_stationary_phase.xls.gz-sheet-status = ok;anti-conservative;0.781062;NA;NA
GSE63141;GSE63141_eTMglc_gene_exp.diff.gz;anti-conservative;0.952051;NA;NA
GSE63141;GSE63141_eTMgly_gene_exp.diff.gz;anti-conservative;0.778206;NA;NA
GSE63707;GSE63707_DEXSeqResults_AretIR_03d_vs_IFMWT_03d.txt.gz;anti-conservative;0.666290;NA;NA
GSE63707;GSE63707_DEXSeqResults_AretIR_03d_vs_salm_ko.txt.gz;anti-conservative;0.592139;NA;NA
GSE63707;GSE63707_DEXSeqResults_AretIR_30h_vs_IFMWT_30h.txt.gz;anti-conservative;0.693064;NA;NA
GSE63707;GSE63707_DEXSeqResults_AretIR_72h_vs_IFMWT_72h.txt.gz;anti-conservative;0.666046;NA;NA
GSE63707;GSE63707_DEXSeqResults_IFMWT_03d_vs_jump_0d.txt.gz;bimodal;0.702314;NA;NA
GSE63707;GSE63707_DEXSeqResults_IFMWT_03d_vs_leg_0d.txt.gz;bimodal;0.719261;NA;NA
GSE63707;GSE63707_DEXSeqResults_salm_ko_vs_IFMWT_03d.txt.gz;anti-conservative;0.648093;NA;NA
GSE63750;GSE63750_chemhigh-batch-result-using-R-DeSeq.csv.gz;bimodal;0.990073;other;0.984892
GSE63948;GSE63948_Supplemental_Table2_DeepSeq_Fanourgakis_etAl.xls.gz-sheet-long 3'UTR transcripts(>1500nt);anti-conservative;0.868100;NA;NA
GSE63948;GSE63948_Supplemental_Table2_DeepSeq_Fanourgakis_etAl.xls.gz-sheet-medium 3'UTR transcripts;anti-conservative;0.954050;NA;NA
GSE63948;GSE63948_Supplemental_Table2_DeepSeq_Fanourgakis_etAl.xls.gz-sheet-short 3'UTR transcripts(<350nt);anti-conservative;0.904035;NA;NA
GSE64242;GSE64242_cufdiff_isoform_exp.diff.gz;anti-conservative;0.929101;NA;NA
GSE64513;GSE64513_FOXD3_vs_Control_gene_exp_diff_anno.txt.gz;anti-conservative;0.606693;NA;NA
GSE66148;GSE66148_NC_v_CNS.txt.gz;anti-conservative;0.523325;anti-conservative;0.236473
GSE66148;GSE66148_NC_v_CNS.txt.gz;anti-conservative;0.523325;anti-conservative;0.273893
GSE66148;GSE66148_NC_v_CNS.txt.gz;anti-conservative;0.523325;anti-conservative;0.281224
GSE66148;GSE66148_NC_v_CNS.txt.gz;anti-conservative;0.535749;anti-conservative;0.236473
GSE66148;GSE66148_NC_v_CNS.txt.gz;anti-conservative;0.535749;anti-conservative;0.273893
GSE66148;GSE66148_NC_v_CNS.txt.gz;anti-conservative;0.535749;anti-conservative;0.281224
GSE66148;GSE66148_NC_v_CNS.txt.gz;anti-conservative;0.545624;anti-conservative;0.236473
GSE66148;GSE66148_NC_v_CNS.txt.gz;anti-conservative;0.545624;anti-conservative;0.273893
GSE66148;GSE66148_NC_v_CNS.txt.gz;anti-conservative;0.545624;anti-conservative;0.281224
GSE67654;GSE67654_RNA-seq.xlsx.gz-sheet-Sheet1;other;0.607072;NA;NA
GSE67654;GSE67654_RNA-seq.xlsx.gz-sheet-Sheet1;other;0.617160;NA;NA
GSE67674;GSE67674_RNA-seq_analysis_AADMSOvsAAGSK-J4.txt.gz;bimodal;0.970605;NA;NA
GSE67674;GSE67674_RNA-seq_analysis_PBSDMSOvsPBSGSK-J4.txt.gz;anti-conservative;0.947284;NA;NA
GSE67756;GSE67756_LA2A-vs-LC2A.compare.txt.gz;anti-conservative;0.420544;NA;NA
GSE67756;GSE67756_LB2A-vs-LF1A.compare.txt.gz;anti-conservative;0.491226;NA;NA
GSE68176;GSE68176_Ophio1_1.gene_exp.diff.gz;anti-conservative;0.561867;NA;NA
GSE69001;GSE69001_DE_list_planktonic_v_biolfim.txt.gz;anti-conservative;0.436270;NA;NA
GSE69001;GSE69001_DE_list_planktonic_v_plate.txt.gz;anti-conservative;0.333821;NA;NA
GSE69001;GSE69001_DE_list_plate_v_biofilm.txt.gz;anti-conservative;0.378465;NA;NA
GSE70876;GSE70876_Additional_file_4.xls.gz;spiky;0.321482;NA;NA
GSE71185;GSE71185_CHD8_CRISPR_RNASeq_Cuffdiff_PolyA.txt.gz;anti-conservative;0.375906;NA;NA
GSE71185;GSE71185_CHD8_Knockdown_RNASeq_Cuffdiff_PolyA.txt.gz;anti-conservative;0.472495;NA;NA
GSE71185;GSE71185_NSD3_Knockdown_RNASeq_Cuffdiff_NSR.txt.gz;anti-conservative;0.897084;NA;NA
GSE71185;GSE71185_NSD3_Knockdown_RNASeq_Cuffdiff_PolyA.txt.gz;anti-conservative;0.772386;NA;NA
GSE71539;GSE71539_TP0vsTP23_tag_results.txt.gz;anti-conservative;0.847651;NA;NA
GSE71916;GSE71916_Expression_Cufflinks_siRbfox1_3+EGFP_compared_to_siNT+EGFP.txt.gz;anti-conservative;0.961251;NA;NA
GSE74103;GSE74103_Tobacco_FS_v_WT_DESeq_refGene.all.annotated.txt.gz;anti-conservative;0.618120;anti-conservative;0.526337
GSE74103;GSE74103_Tobacco_G1_v_WT_DESeq_refGene.all.annotated.txt.gz;anti-conservative;0.424273;anti-conservative;0.267378
GSE74103;GSE74103_Tobacco_GS_v_WT_DESeq_refGene.all.annotated.txt.gz;anti-conservative;0.292782;anti-conservative;0.229954
GSE74148;GSE74148_RNA-seq0415.xlsx;bimodal;0.879007;NA;NA
GSE74920;GSE74920_SupplementalTable1.xlsx.gz;anti-conservative;0.496648;anti-conservative;0.332956
GSE74920;GSE74920_SupplementalTable3.xlsx.gz;anti-conservative;0.684508;anti-conservative;0.458699
GSE74929;GSE74929_Diff_Exp.txt.gz;anti-conservative;0.223918;NA;NA
GSE74993;GSE74993_SupplementalTables.xlsx-sheet-Table S1;anti-conservative;0.496648;anti-conservative;0.332956
GSE75247;GSE75247_processed_data.txt.gz;spiky;0.637721;NA;NA
GSE75247;GSE75247_processed_data.txt.gz;spiky;0.703187;NA;NA
GSE75731;GSE75731_ckvsd119a_gene_exp_diff.txt.gz;anti-conservative;0.494874;NA;NA
GSE75731;GSE75731_ckvsdrug_gene_exp_diff.txt.gz;anti-conservative;0.641526;NA;NA
GSE75731;GSE75731_ckvsv149a_gene_exp_diff.txt.gz;anti-conservative;0.725345;NA;NA
GSE75993;GSE75993_processed_data.xls.gz-sheet-1_WT_vs_KO_DESeq_All;anti-conservative;0.936605;NA;NA
GSE77025;GSE77025_gene_exp.diff.gz;anti-conservative;0.346999;NA;NA
GSE77077;GSE77077_HT_data_36hpf.xls.gz;anti-conservative;0.434852;NA;NA
GSE77351;GSE77351_Farshchian.txt.gz;spiky;0.852413;anti-conservative;0.885021
GSE77398;GSE77398_mal_all6_cuffdiff_genes.xls.gz;anti-conservative;0.760840;NA;NA
GSE77769;GSE77769_RNA_diff_final.txt.gz;spiky;0.966774;NA;NA
GSE79143;GSE79143_SNPCountsTable.txt.gz;anti-conservative;0.488094;NA;NA
GSE79416;GSE79416_new-lncRNA_transcript_output.xls.gz;bimodal;0.869971;NA;NA
GSE79916;GSE79916_Dataset_S1-JUM_output_for_differential_AS_analyses_of_PSIdeltaAB_and_full-length_PSI_male_fly_heads.xls.gz;anti-conservative;0.129754;NA;NA
GSE80135;GSE80135_siNeg_Lipo_results.csv.gz;anti-conservative;0.937310;anti-conservative;0.765982
GSE80264;GSE80264_Group_2_vs._Group_1_Ensembl.gene.rpkm_more0.5_log2p1_qn.txt.gz;anti-conservative;0.563753;NA;NA
GSE80264;GSE80264_Group_3_vs._Group_1_Ensembl.gene.rpkm_more0.5_log2p1_qn.txt.gz;anti-conservative;0.543427;NA;NA
GSE80348;GSE80348_20160316_6h_wt_vs_mu.xlsx;anti-conservative;0.523488;NA;NA
GSE80349;GSE80349_results.txt.gz;anti-conservative;0.067649;NA;NA
GSE81043;GSE81043_sh109_final_unique_DESeq_InfFixed_DiffExp.xlsx.gz;anti-conservative;0.478334;anti-conservative;0.136011
GSE82134;GSE82134_NCBI_res_root_deseq_full.xlsx;anti-conservative;0.609298;NA;    NaN
GSE83375;GSE83375_GB_glia.FPKM.txt.gz;anti-conservative;0.655794;NA;NA
GSE84308;GSE84308_RNA.txt.gz;spiky;0.974858;NA;NA
GSE84481;GSE84481_3xTg.txt.gz;anti-conservative;0.050904;NA;NA
GSE84737;GSE84737_All_genes_unfiltered_DE.txt.gz;anti-conservative;0.446654;NA;NA
GSE84737;GSE84737_Genes_filtered_DE.txt.gz;anti-conservative;0.474167;NA;NA
GSE85329;GSE85329_IGF_project_IGF_results.txt.gz;anti-conservative;0.687193;anti-conservative;0.550178
GSE85627;GSE85627_mDUX-mESC.xlsx.gz-sheet-Sorted;anti-conservative;0.532181;anti-conservative;0.183600
GSE85627;GSE85627_mDUX-mESC.xlsx.gz-sheet-Unsorted;anti-conservative;0.616914;anti-conservative;0.158886
GSE85847;GSE85847_matrix_rnaseq_GEO_submission_jsantos20160817.txt.gz;anti-conservative;0.664439;anti-conservative;0.566132
GSE86211;GSE86211_CmrA_transcriptome_Expression_of_all_genes.xlsx-sheet-PA14vsPJ01;anti-conservative;0.933882;NA;NA
GSE86211;GSE86211_CmrA_transcriptome_Expression_of_all_genes.xlsx-sheet-PJ01vsPJ01dT;anti-conservative;0.962420;NA;NA
GSE87398;GSE87398_gene_exp.diff.gz;anti-conservative;0.830607;NA;NA
GSE87398;GSE87398_genes_group_exp.diff.gz;anti-conservative;0.834977;NA;NA
GSE87448;GSE87448_AKT_vs_CTRL_at_2fold-p005-4433_genes.txt.gz;anti-conservative;0.073634;NA;NA
GSE87448;GSE87448_AKT_vs_CTRL_at_2fold-p005-4433_genes.txt.gz;anti-conservative;0.230610;NA;NA
GSE87448;GSE87448_AKT_vs_CTRL_at_2fold-p005-4433_genes.txt.gz;anti-conservative;0.246754;NA;NA
GSE87448;GSE87448_KRAS_vs_CTRL_at_2fold-p005-4238_genes.txt.gz;anti-conservative;0.081260;NA;NA
GSE87448;GSE87448_KRAS_vs_CTRL_at_2fold-p005-4238_genes.txt.gz;anti-conservative;0.145766;NA;NA
GSE87448;GSE87448_KRAS_vs_CTRL_at_2fold-p005-4238_genes.txt.gz;anti-conservative;0.222201;NA;NA
GSE87448;GSE87448_MYC_vs_CTRL_at_2fold-p005-3502_genes_Myc_Only.txt.gz;anti-conservative;0.067133;NA;NA
GSE87706;GSE87706_SM_vs_RODI.txt.gz;anti-conservative;0.270793;anti-conservative;0.134417
GSE89004;GSE89004_ppGpp0_vs_H78_differential_all.xls.gz;anti-conservative;0.443015;anti-conservative;0.214381
GSE89773;GSE89773_combined_expression_table.txt.gz;anti-conservative;0.410293;anti-conservative;0.211405
GSE89773;GSE89773_combined_expression_table.txt.gz;anti-conservative;0.410293;anti-conservative;0.264938
GSE89773;GSE89773_combined_expression_table.txt.gz;anti-conservative;0.495430;anti-conservative;0.211405
GSE89773;GSE89773_combined_expression_table.txt.gz;anti-conservative;0.495430;anti-conservative;0.264938
GSE90889;GSE90889_geo_hiPSC-RPE_Vehicle_vs_NAM.xlsx;anti-conservative;0.687360;anti-conservative;0.645568
GSE90977;GSE90977_RNA_seq_COMPLETE_4_4_SETS_DEFINITIVE.xlsx.gz-sheet-120 dpi;anti-conservative;0.536526;anti-conservative;0.373604
GSE90977;GSE90977_RNA_seq_COMPLETE_4_4_SETS_DEFINITIVE.xlsx.gz-sheet-180 dpi;anti-conservative;0.816699;anti-conservative;0.828413
GSE90977;GSE90977_RNA-seq_COMPLETE_4Con-4CJD_SETS_DEFINITIVE_log2FC_0.5.xlsx.gz-sheet-120 dpi;anti-conservative;0.056786;NA;0.007940
GSE90977;GSE90977_RNA-seq_COMPLETE_4Con-4CJD_SETS_DEFINITIVE_log2FC_0.5.xlsx.gz-sheet-180 dpi;anti-conservative;0.103408;NA;0.047440
GSE94512;GSE94512_NaPi_vs_Lys.txt.gz;anti-conservative;0.953857;anti-conservative;0.977567
GSE96999;GSE96999_DESeq2_miseq_output.txt.gz;anti-conservative;0.251443;anti-conservative;0.229398
GSE96999;GSE96999_DESeq2_nextseq_output.txt.gz;anti-conservative;0.409036;anti-conservative;0.092193
GSE98526;GSE98526_A1_vs_UA159T5.txt.gz;anti-conservative;0.799125;NA;NA
GSE98526;GSE98526_A12_vs_UA159T5.txt.gz;anti-conservative;0.578836;NA;NA
GSE98526;GSE98526_UA159T5_vs_UA159T0.txt.gz;anti-conservative;0.934276;NA;NA
GSE99096;GSE99096_Yang_Processed_data_Oxidative_Stress.xlsx;anti-conservative;0.309000;NA;NA
GSE29992;GSE29992_Het1_KO2_expr.txt.gz;bimodal;0.886619;NA;NA
GSE33736;GSE33736_HAmCqG0_G8expression.txt.gz;anti-conservative;0.595261;NA;NA
GSE33782;GSE33782_isoform_exp.diff.txt.gz;conservative;0.949568;NA;NA
GSE34097;GSE34097_aff3_genes_cufflinks.txt.gz;conservative;0.988090;NA;NA
GSE34097;GSE34097_aff4_genes_cufflinks.txt.gz;conservative;0.951196;NA;NA
GSE36005;GSE36005_sus_gene.diff.gz;bimodal;0.863957;NA;NA
GSE36695;GSE36695_H1KSR_H1SFM.txt.gz;bimodal;0.952788;NA;NA
GSE36695;GSE36695_H9KSR_H9SFM.txt.gz;bimodal;0.976420;NA;NA
GSE37703;GSE37703_hiseq_cuffdiff_cds_exp.diff.gz;spiky;0.948107;NA;NA
GSE37703;GSE37703_hiseq_cuffdiff_gene_exp.diff.gz;spiky;0.803240;NA;NA
GSE37703;GSE37703_hiseq_cuffdiff_tss_group_exp.diff.gz;spiky;0.906581;NA;NA
GSE37703;GSE37703_miseq_cuffdiff_gene_exp.diff.gz;spiky;0.931408;NA;NA
GSE38413;GSE38413_Maize_Pericarp_14DAP_mRNA-Seq_gene_exp.diff.gz;conservative;0.937948;NA;NA
GSE38413;GSE38413_Maize_Pericarp_25DAP_mRNA-Seq_gene_exp.diff.gz;conservative;0.955060;NA;NA
GSE38414;GSE38414_Maize_Silks_mRNA-Seq_gene_exp.diff.gz;conservative;0.961169;NA;NA
GSE39652;GSE39652_20111201c2Day3_gene_exp.txt.gz;bimodal;0.905275;NA;NA
GSE39652;GSE39652_20111201c2Pach_gene_exp.txt.gz;conservative;0.993142;NA;NA
GSE40228;GSE40228_gene_exp.diff.txt.gz;conservative;0.985736;NA;NA
GSE41487;GSE41487_ResultsContr123vsRas12Multiple.xls.gz-sheet-RawData Contr123 vs Ras12;conservative;0.972638;NA;NA
GSE41908;GSE41908_E11.5_E13.5f_cuffdiff1.2.txt.gz;conservative;0.913524;NA;NA
GSE41908;GSE41908_E11.5_E13.5m_cuffdiff1.2.txt.gz;conservative;0.963062;NA;NA
GSE41908;GSE41908_E9.5_E11.5_cuffdiff1.2.txt.gz;conservative;0.931152;NA;NA
GSE42381;GSE42381_gene_exp.diff.gz;bimodal;0.889597;NA;NA
GSE42443;GSE42443_Brg1cKO_gene_exp.diff.gz;conservative;0.975413;NA;NA
GSE43194;GSE43194_E11_ICR_abundance_rep1.txt.gz;bimodal;0.869290;NA;NA
GSE43194;GSE43194_HH18chick_abundance.txt.gz;bimodal;0.761111;NA;NA
GSE43431;GSE43431_mRNA_STHdh_CUFF_gene_exp.diff.txt.gz;bimodal;0.976054;NA;NA
GSE43660;GSE43660_control_vs_il33_1hr.txt.gz;bimodal;0.981868;NA;NA
GSE43660;GSE43660_control_vs_il33_4hr.txt.gz;conservative;0.980673;NA;NA
GSE43660;GSE43660_control_vs_IL4_1hr.txt.gz;conservative;0.966736;NA;NA
GSE43660;GSE43660_control_vs_IL4_4hr.txt.gz;conservative;0.971759;NA;NA
GSE46807;GSE46807_GEO_values_TAF4_RNAseq_Tophat.Cufflinks_mm9_WeiYi.txt.gz;bimodal;0.800302;NA;NA
GSE46807;GSE46807_GEO_values_TAF4_RNAseq_Tophat.Cufflinks_mm9_WeiYi.txt.gz;bimodal;0.898748;NA;NA
GSE47062;GSE47062_KO_vs_WT.txt.gz;conservative;0.978540;NA;NA
GSE47083;GSE47083_WTvsSclKO_WTvsGata12KO.xlsx.gz;conservative;0.925921;NA;NA
GSE47083;GSE47083_WTvsSclKO_WTvsGata12KO.xlsx.gz;conservative;0.958169;NA;NA
GSE48230;GSE48230_PC3-EMT14_v_PC3-EMT14-OVOL2_gene_exp.diff.txt.gz;bimodal;0.881328;NA;NA
GSE48230;GSE48230_PC3-EMT14_v_PC3-EMT14-OVOL2_isoform_exp.diff.txt.gz;bimodal;0.936609;NA;NA
GSE48230;GSE48230_PC3-EMT14_v_PC3-Epi_gene_exp.diff.txt.gz;bimodal;0.806614;NA;NA
GSE48230;GSE48230_PC3-EMT14_v_PC3-Epi_isoform_exp.diff.txt.gz;bimodal;0.905944;NA;NA
GSE49097;GSE49097_Within_B_gene_exp.diff.gz;conservative;0.991285;NA;NA
GSE49147;GSE49147_ESC_KO_vs_WT.txt.gz;conservative;0.983832;NA;NA
GSE49389;GSE49389_RNAseq_gene_exp.txt.gz;conservative;0.984356;NA;NA
GSE50068;GSE50068_Cuffdiff_output.txt.gz;bimodal;0.893220;NA;NA
GSE51119;GSE51119_bHLH159KD_vs_Col_gene_exp.diff.txt.gz;conservative;0.967364;NA;NA
GSE51119;GSE51119_bHLH159ox_vs_Col_gene_exp.diff.txt.gz;conservative;0.916687;NA;NA
GSE51119;GSE51119_IBH1KD_vs_Col_gene_exp.diff.txt.gz;conservative;0.973171;NA;NA
GSE51119;GSE51119_IBH1ox_vs_Col_gene_exp.diff.txt.gz;conservative;0.951870;NA;NA
GSE51975;GSE51975_C_v_OVOL1_2_gene_exp.diff.gz;bimodal;0.872521;NA;NA
GSE51975;GSE51975_C_v_OVOL1_2_isoform_exp.diff.gz;bimodal;0.942113;NA;NA
GSE51975;GSE51975_C_v_OVOL1_gene_exp.diff.gz;bimodal;0.946892;NA;NA
GSE51975;GSE51975_C_v_OVOL1_isoform_exp.diff.gz;bimodal;0.975788;NA;NA
GSE51975;GSE51975_C_v_OVOL2_gene_exp.diff.gz;bimodal;0.941207;NA;NA
GSE51975;GSE51975_C_v_OVOL2_isoform_exp.diff.gz;bimodal;0.972505;NA;NA
GSE52038;GSE52038_Supplementary-table-1-date11021.txt.gz;bimodal;0.848676;NA;NA
GSE52284;GSE52284_gene_exp.diff.gz;bimodal;0.974741;NA;NA
GSE52385;GSE52385_siCtrl_VS_siSRA_assemblenewgenes.txt.gz;conservative;0.999999;NA;NA
GSE52385;GSE52385_siCtrl_VS_siSRA_notassemblenewgenes.txt.gz;conservative;0.999996;NA;NA
GSE53040;GSE53040_wtDMSOvswtTX34.txt.gz;bimodal;0.979218;NA;NA
GSE53599;GSE53599_D5-1322_vs_RLuc-713_48hrs.txt.gz;conservative;0.986101;NA;NA
GSE53599;GSE53599_D5-2086_vs_RLuc-713_48hrs.txt.gz;conservative;0.965748;NA;NA
GSE53976;GSE53976_gene_exp.diff.txt.gz;conservative;0.961911;NA;NA
GSE54246;GSE54246_Control_vs._4_NQO_Tongue_gene_exp.xlsx.gz;bimodal;0.941324;NA;NA
GSE54286;GSE54286_Lys_sup_pelle_rs_mvhip_Exp.txt.gz;bimodal;0.957636;NA;NA
GSE54473;GSE54473_Suv420_gene_exp.xlsx.gz-sheet-gene_exp;bimodal;0.912433;NA;NA
GSE54602;GSE54602_D4_D8_D11_D14_isoform_exp.diff.parsed.txt.gz;bimodal;0.930676;NA;NA
GSE55090;GSE55090_cds_exp.diff.txt.gz;bimodal;0.850040;NA;NA
GSE55090;GSE55090_gene_exp.diff.txt.gz;bimodal;0.838992;NA;NA
GSE55090;GSE55090_isoform_exp.diff.txt.gz;bimodal;0.895283;NA;NA
GSE55090;GSE55090_tss_group_exp.diff.txt.gz;bimodal;0.864511;NA;NA
GSE55596;GSE55596_LOLOdiff_nonovel.txt.gz;conservative;0.985002;NA;NA
GSE58052;GSE58052_N.winogradskyi_co-culture_over_single-culture.txt.gz;spiky;0.855884;NA;NA
GSE58082;GSE58082_gene_exp.diff.txt.gz;bimodal;0.898107;NA;NA
GSE58326;GSE58326_gene_exp.txt.gz;bimodal;0.896518;NA;NA
GSE58359;GSE58359_HOXA9.txt.gz;bimodal;0.931650;NA;NA
GSE58379;GSE58379_RBM47_alternative_splicing.txt.gz;bimodal;0.938585;NA;NA
GSE58405;GSE58405_gene_exp.diff.gz;bimodal;0.739533;NA;NA
GSE58405;GSE58405_isoform_exp.diff.gz;bimodal;0.888903;NA;NA
GSE58467;GSE58467_FPKM.txt.gz;bimodal;0.800906;NA;NA
GSE59017;GSE59017_gene_exp.diff.gz;conservative;0.995085;NA;NA
GSE59020;GSE59020_U0126_gene_exp_all.diff.gz;conservative;0.978765;NA;NA
GSE59290;GSE59290_MIR_isoform_exp.diff.txt.gz;conservative;0.957179;NA;NA
GSE59621;GSE59621_gene_exp.diff.txt.gz;conservative;0.977081;NA;NA
GSE59980;GSE59980_RNA-seq_598-SKD.txt.gz;spiky;0.674649;NA;NA
GSE60171;GSE60171_cuffdiff.FGF-1day.vs.iBET-1day.txt.gz;conservative;0.967310;NA;NA
GSE60171;GSE60171_cuffdiff.FGF-5days.vs.iBET-5days.txt.gz;conservative;0.939004;NA;NA
GSE60641;GSE60641_AB03_2.xlsx.gz;bimodal;0.788304;NA;NA
GSE60642;GSE60642_AB056_2.xlsx.gz;bimodal;0.777085;NA;NA
GSE60642;GSE60642_AB056_2.xlsx.gz;bimodal;0.783280;NA;NA
GSE61336;GSE61336_results_167_vs_WTL.txt.gz;bimodal;0.896723;anti-conservative;0.418877
GSE61336;GSE61336_results_167_vs_WTZ.txt.gz;bimodal;0.880301;anti-conservative;0.413778
GSE61351;GSE61351_Cont_ComparedTo_PTH_D28_CuffDiffAnalysis1.xls.gz;bimodal;0.778820;NA;NA
GSE61566;GSE61566_cds_exp.diff.gz;bimodal;0.801986;NA;NA
GSE61690;GSE61690_DormantvsNondormant_meristems.txt.gz;bimodal;0.969526;NA;NA
GSE62200;GSE62200_Table_S4.xls.gz-sheet-Table S4;bimodal;0.780110;NA;NA
GSE62760;GSE62760_Acute_Cuffdiff_DGE.txt.gz;bimodal;0.937323;NA;NA
GSE62760;GSE62760_Chronic_Cuffdiff_DGE.txt.gz;bimodal;0.945960;NA;NA
GSE62909;GSE62909_Differential_gene_exp.diff.gz;bimodal;0.873410;NA;NA
GSE63758;GSE63758_gene_exp.diff.gz;bimodal;0.864278;NA;NA
GSE63810;GSE63810_BCKO_RNASeq_Data.xlsx-sheet-GenesDiffExp;conservative;0.981082;NA;NA
GSE64854;GSE64854_promoters.diff.gz;conservative;1.000000;NA;NA
GSE64854;GSE64854_splicing.diff.gz;conservative;0.999999;NA;NA
GSE65022;GSE65022_cuffdiff-WT_CD_gene_exp.diff.gz;bimodal;0.939278;NA;NA
GSE65024;GSE65024_WT-bhlh_gene_exp.diff.gz;bimodal;0.943530;NA;NA
GSE65072;GSE65072_DESeq_plusDOX_minusDOX.xlsx;anti-conservative;0.547833;NA;NA
GSE65542;GSE65542_pnky_kd.diff.gz;bimodal;0.976635;NA;NA
GSE65542;GSE65542_ptbp1_kd.diff.gz;bimodal;0.932577;NA;NA
GSE66158;GSE66158_all_genes_FPKM.txt.gz;bimodal;0.974871;NA;NA
GSE66478;GSE66478_gene_exp.txt.gz;bimodal;0.780595;NA;NA
GSE66506;GSE66506_DE_analysis_010714.xlsx-sheet-All_Genes;bimodal;0.927477;NA;NA
GSE66619;GSE66619_Dorsal_Cord_Ipsi_vs_Con_mrna_gene_exp.diff.txt.gz;bimodal;0.910100;NA;NA
GSE66619;GSE66619_DRG_Con_vs_Ips_mrna_gene_exp.diff.txt.gz;bimodal;0.950587;NA;NA
GSE66652;GSE66652_AS13-C_differential_expression.txt.gz;bimodal;0.923629;NA;NA
GSE66652;GSE66652_S4-C_differential_expression.txt.gz;bimodal;0.905166;NA;NA
GSE67029;GSE67029_cuffdiff_mh_h8.txt.gz;bimodal;0.932977;NA;NA
GSE67063;GSE67063_gene_exp.diff.gz;bimodal;0.888764;NA;NA
GSE67554;GSE67554_TAG5_Cuffdiff_gene_differential_expression_testing.txt.gz;bimodal;0.871268;NA;NA
GSE67554;GSE67554_ZG14_Cuffdiff_gene_differential_expression_testing.txt.gz;bimodal;0.880585;NA;NA
GSE68160;GSE68160_GRdim-RNASeq.xlsx;bimodal;0.886603;NA;NA
GSE69556;GSE69556_cds_exp.diff.gz;bimodal;0.966171;NA;NA
GSE69900;GSE69900_control-CBD16H.txt.gz;bimodal;0.790996;NA;NA
GSE69900;GSE69900_control-tamoxifen48H.txt.gz;bimodal;0.848459;NA;NA
GSE70314;GSE70314_Gal474_cuffdiff_sictrl.1_siAtad2.1_gene_differential_expression_testing.txt.gz;bimodal;0.924595;NA;NA
GSE70314;GSE70314_Gal476_cuffdiff_sictrl.1_siAtad2.1_transcript_differential_expression_testing.txt.gz;bimodal;0.924595;NA;NA
GSE70314;GSE70314_Gal485_cuffdiff_sictrl.2_siAtad2.2_gene_differential_expression_testing.txt.gz;bimodal;0.950615;NA;NA
GSE70314;GSE70314_Gal487_cuffdiff_sictrl.2_siAtad2.2_transcript_differential_expression_testing.txt.gz;bimodal;0.950615;NA;NA
GSE70584;GSE70584_Liberman2015_sorted_CUFFLINKS_gene_exp.txt.gz;bimodal;0.803540;NA;NA
GSE70815;GSE70815_gene_exp.diff.gz;bimodal;0.947045;NA;NA
GSE71252;GSE71252_Akdogan_RNASeq_Cuffdiff_JUL232015.xlsx-sheet-geneExpDiffData;bimodal;0.979797;NA;NA
GSE71252;GSE71252_Akdogan_RNASeq_Cuffdiff_JUL232015.xlsx-sheet-isoformExpDiffData;bimodal;0.979761;NA;NA
GSE71943;GSE71943_KO_vs_WT_diffGenes.txt.gz;bimodal;0.834838;NA;NA
GSE72105;GSE72105_Differential_Gene_Expression_Summary_D6.txt.gz;bimodal;0.923498;NA;NA
GSE72830;GSE72830_gene_exp.diff.gz;bimodal;0.965666;NA;NA
GSE73082;GSE73082_F_Sp5_PlusversusMinusDOX_ProcessedFiles.txt.gz;bimodal;0.959310;NA;NA
GSE73083;GSE73083_3F_Lef1_PlusversusMinusDOX_ProcessedFiles.txt.gz;bimodal;0.981322;NA;NA
GSE73972;GSE73972_atxvsWT_gene_exp_diff.txt.gz;bimodal;0.957336;NA;NA
GSE74381;GSE74381_gene_exp_control2vsZeb2cKO2diff.xlsx;bimodal;0.780798;NA;NA
GSE74886;GSE74886_processedFPKMS.xlsx;bimodal;0.811812;NA;NA
GSE75640;GSE75640_HR1_vs_control_1_gene_exp.diff.gz;bimodal;0.834195;NA;NA
GSE75640;GSE75640_HR2_vs_control_2_gene_exp.diff.gz;conservative;0.965605;NA;NA
GSE75878;GSE75878_splicing.diff.gz;anti-conservative;0.381359;NA;NA
GSE76287;GSE76287_seedling_col0vdko_tair.txt.gz;bimodal;0.957175;NA;NA
GSE76868;GSE76868_Table_S1_RNA-seq.xlsx;bimodal;0.945605;NA;NA
GSE76992;GSE76992_GFP_vs_p16.txt.gz;bimodal;0.988028;NA;NA
GSE77037;GSE77037_gene_exp.diff.gz;bimodal;0.905948;NA;NA
GSE77256;GSE77256_Cuffdiff_all_HFSCs.txt.gz;bimodal;0.906459;NA;NA
GSE77256;GSE77256_Cuffdiff_Anagen_HFSCs.txt.gz;bimodal;0.980255;NA;NA
GSE77398;GSE77398_ribo_cuffdiff_genes.xls.gz;bimodal;0.960515;NA;NA
GSE77675;GSE77675_Old_vs_Young_isoforms_expression.txt.gz;bimodal;0.952196;NA;NA
GSE78506;GSE78506_dmso_vs_ca_24Hour_geneExp.diff.gz;bimodal;0.951157;NA;NA
GSE78711;GSE78711_gene.exp.all.txt.gz;spiky;0.820869;NA;NA
GSE78834;GSE78834_gene_expression_profiles.txt.gz;bimodal;0.813782;NA;NA
GSE78996;GSE78996_CTR_vs_EAE_Cuffdiff_analysis.xlsx;bimodal;0.969315;NA;NA
GSE79286;GSE79286_CYC2vsWT_Conj-2.5hr_RNA-Seq.xlsx-sheet-gene_exp;bimodal;0.782452;NA;NA
GSE79286;GSE79286_CYC2vsWT_Conj-2hr_RNA-Seq.xlsx-sheet-C2vWT-2hr genes;bimodal;0.812951;NA;NA
GSE79286;GSE79286_CYC2vsWT_Conj-3.5hr_RNA-Seq.xlsx-sheet-gene_exp;bimodal;0.790318;NA;NA
GSE79286;GSE79286_CYC2vsWT_Conj-3hr_RNA-Seq.xlsx;bimodal;0.798884;NA;NA
GSE79507;GSE79507_minipig.txt.gz;bimodal;0.684575;NA;NA
GSE80068;GSE80068_col_dms3_gene_exp.diff.gz;conservative;0.987508;NA;NA
GSE80068;GSE80068_col_h2h9_gene_exp.diff.gz;conservative;0.983066;NA;NA
GSE80068;GSE80068_col_nrpe1_gene_exp.diff.gz;conservative;0.988685;NA;NA
GSE80128;GSE80128_P035_DESeq_KO-WT_pathway.txt.gz;bimodal;0.868432;anti-conservative;0.802974
GSE80349;GSE80349_results.txt.gz;conservative;1.000000;NA;NA
GSE80718;GSE80718_gene_exp.diff.gz;bimodal;0.731720;NA;NA
GSE81100;GSE81100_old_ARSER_output.txt.gz;bimodal;0.806513;NA;NA
GSE81100;GSE81100_youngARSER_output.txt.gz;bimodal;0.814737;NA;NA
GSE81593;GSE81593_1.Mcf10A_p53delVec_and_p53delHras.xlsx;bimodal;0.569257;anti-conservative;0.360176
GSE81593;GSE81593_2.Mcf10A_Vec_and_Hras.xlsx;bimodal;0.696187;anti-conservative;0.629803
GSE83717;GSE83717_FPKMs_pvalue_matrices.txt.gz;bimodal;0.892677;NA;NA
GSE83819;GSE83819_gene_exp.diff.gz;bimodal;0.671328;NA;NA
GSE83827;GSE83827_WT_vs_tf5.xlsx-sheet-gene_exp_diff;bimodal;0.991087;NA;NA
GSE83828;GSE83828_Gene_expression_data.xlsx;bimodal;0.579619;NA;NA
GSE83887;GSE83887_gene_exp_Hyl-2_vs_Hyl-2-G.diff.gz;bimodal;0.872219;NA;NA
GSE83887;GSE83887_gene_exp_N2_vs_Hyl-2.diff.gz;bimodal;0.988404;NA;NA
GSE83887;GSE83887_gene_exp_N2_vs_N2G.diff.gz;bimodal;0.860764;NA;NA
GSE84145;GSE84145_E12.5RET_WT_NULL.txt.gz;bimodal;0.979593;NA;NA
GSE84450;GSE84450_WT_UTvsWT_DTT_splicing.diff.gz;conservative;1.000000;NA;NA
GSE84529;GSE84529_Paired_comparison_of_three_sections_Cuffdiff.xlsx-sheet-Comparison_0-5_mm_vs_15-20_mm;bimodal;0.753890;NA;NA
GSE84529;GSE84529_Paired_comparison_of_three_sections_Cuffdiff.xlsx-sheet-Comparison_0-5_mm_vs_30-35_mm;bimodal;0.712548;NA;NA
GSE84606;GSE84606_gene_exp.diff.gz;bimodal;0.709427;NA;NA
GSE85321;GSE85321_Supplemental_Table_2_YAD_RNA_seq_.xls.gz-sheet-YAD_Diff analysis;bimodal;0.819135;NA;NA
GSE85321;GSE85321_Supplemental_Table_3_YGD_RNA_seq_.xls.gz-sheet-YGD_Diff analysis;bimodal;0.925294;NA;NA
GSE85321;GSE85321_Supplemental_Table_4_YAR_vs_YAD_RNA_seq_.xls.gz-sheet-EV_YAD_YAR_isoformexp;conservative;0.460432;NA;NA
GSE85321;GSE85321_Supplemental_Table_5_YAR_RNA_seq_.xls.gz-sheet-YAR diff. analysis;bimodal;0.802379;NA;NA
GSE85321;GSE85321_Supplemental_Table_7_JHD2_OE_YAR_.xls.gz-sheet-OE_EV_YAR_Diff analysis;conservative;0.733327;NA;NA
GSE86187;GSE86187_p6wt-ko_gene_exp.diff.gz;bimodal;0.883416;NA;NA
GSE86239;GSE86239_ETS2shRNA_gene_exp.diff.gz;spiky;0.917375;NA;NA
GSE87307;GSE87307_mRNA_processed_results.xlsx;bimodal;0.782306;NA;NA
GSE87824;GSE87824_processed_data.xlsx;bimodal;0.806842;NA;NA
GSE89110;GSE89110_RNAseq_shPFKB4_p53_logFC.txt.gz;bimodal;0.928923;NA;NA
GSE91001;GSE91001_Galaxy255-AveragedPerCRNAseqData.tabular.txt.gz;spiky;0.983821;NA;NA
GSE91001;GSE91001_PerC_RNAseq_averageddata.xls.gz-sheet-diffexp_rerun;spiky;0.983821;NA;NA
GSE91060;GSE91060_E11_vs._E16.xls.gz;bimodal;0.873971;NA;NA
GSE91060;GSE91060_E11_vs._P1.xlsx;bimodal;0.822296;NA;NA
GSE91060;GSE91060_E16_vs._P1.xlsx;bimodal;0.945677;NA;NA
GSE92246;GSE92246_gene_exp.diff.gz;bimodal;0.984964;NA;NA
GSE92874;GSE92874_RNA.txt.gz;bimodal;0.973066;NA;NA
GSE94120;GSE94120_U2OS-PcTF_rel_abundance_1x3.txt.gz;bimodal;0.882165;NA;NA
GSE96072;GSE96072_Galaxy106-_Cuffdiff_on_data_40__data_39__and_others_transcript_differential_expression_testing_.tabular.txt.gz;bimodal;0.917134;NA;NA
GSE96072;GSE96072_Galaxy24-_Cuffdiff_on_data_7__data_6__and_others_transcript_differential_expression_testing_.tabular.txt.gz;bimodal;0.788228;NA;NA
GSE96072;GSE96072_Galaxy55-_Cuffdiff_on_data_2__data_4__and_others_transcript_differential_expression_testing_.tabular.txt.gz;bimodal;0.705454;NA;NA
GSE97129;GSE97129_Can_vs_WT_CuffDiff_Output_BDGP5.txt.gz;bimodal;0.834764;NA;NA
GSE97129;GSE97129_Comr_vs_WT_CuffDiff_Output_BDGP5.txt.gz;bimodal;0.834955;NA;NA
GSE97129;GSE97129_Mip40_vs_WT_CuffDiff_Output_BDGP5.txt.gz;bimodal;0.822839;NA;NA
GSE97258;GSE97258_differential_expression.xls.gz-sheet-Sheet1;bimodal;0.946941;NA;NA
GSE32038;GSE32038_cds_exp.diff.gz;conservative;0.999724;NA;NA
GSE32038;GSE32038_gene_exp.diff.gz;conservative;0.998495;NA;NA
GSE32038;GSE32038_isoform_exp.diff.gz;conservative;0.999795;NA;NA
GSE32038;GSE32038_tss_group_exp.diff.gz;conservative;0.999497;NA;NA
GSE33265;GSE33265_gene_exp.diff.gz;bimodal;0.938005;NA;NA
GSE33265;GSE33265_isoform_exp.diff.gz;bimodal;0.949700;NA;NA
GSE33782;GSE33782_gene_exp.diff.txt.gz;conservative;0.982665;NA;NA
GSE34097;GSE34097_aff2_genes_cufflinks.txt.gz;conservative;0.998130;NA;NA
GSE34329;GSE34329_processed_RNAseq_N_way_cuffdiff_combined_replicates_NIvIvPAvPS1145.diff.gz;conservative;0.962319;NA;NA
GSE35178;GSE35178_gene_exp.diff.gz;conservative;0.987514;NA;NA
GSE35178;GSE35178_isoform_exp.diff.gz;conservative;0.975065;NA;NA
GSE36005;GSE36005_emo_gene.diff.gz;conservative;0.997447;NA;NA
GSE36005;GSE36005_res_gene.diff.gz;conservative;0.998708;NA;NA
GSE36695;GSE36695_H1H9KSR_hfSFM.txt.gz;conservative;0.996344;NA;NA
GSE36695;GSE36695_H1H9KSR_SFM.txt.gz;conservative;0.994341;NA;NA
GSE36695;GSE36695_H1SFM_H9SFM.txt.gz;conservative;0.999888;NA;NA
GSE36695;GSE36695_H1SFM_hfSFM.txt.gz;conservative;0.999856;NA;NA
GSE36695;GSE36695_H9KSR_hfSFM.txt.gz;conservative;0.997169;NA;NA
GSE36695;GSE36695_H9SFM_hfSFM.txt.gz;conservative;0.999212;NA;NA
GSE36710;GSE36710_RBFOX1_Splicing_Events.txt.gz;conservative;0.886120;NA;    NaN
GSE36866;GSE36866_gene_exp.diff.gz;conservative;0.979060;NA;NA
GSE37703;GSE37703_hiseq_cuffdiff_cds.diff.gz;spiky;0.704031;NA;NA
GSE37703;GSE37703_hiseq_cuffdiff_isoform_exp.diff.gz;spiky;0.962442;NA;NA
GSE37703;GSE37703_hiseq_cuffdiff_promoters.diff.gz;spiky;0.779476;NA;NA
GSE37703;GSE37703_hiseq_cuffdiff_splicing.diff.gz;spiky;0.612118;NA;NA
GSE37703;GSE37703_miseq_cuffdiff_cds_exp.diff.gz;spiky;0.984896;NA;NA
GSE37703;GSE37703_miseq_cuffdiff_cds.diff.gz;spiky;0.627350;NA;NA
GSE37703;GSE37703_miseq_cuffdiff_isoform_exp.diff.gz;spiky;0.989505;NA;NA
GSE37703;GSE37703_miseq_cuffdiff_promoters.diff.gz;spiky;0.707810;NA;NA
GSE37703;GSE37703_miseq_cuffdiff_splicing.diff.gz;spiky;0.465288;NA;NA
GSE37703;GSE37703_miseq_cuffdiff_tss_group_exp.diff.gz;spiky;0.974187;NA;NA
GSE39652;GSE39652_20111201c2LZ_gene_exp.txt.gz;conservative;0.997127;NA;NA
GSE39652;GSE39652_20111201c2PreMeiotic_gene_exp.txt.gz;conservative;0.998374;NA;NA
GSE40187;GSE40187_gene_exp_diff_Control_NXD30001_fromtophat120_cufflinks102_c0_081612.txt.gz;spiky;0.987720;NA;NA
GSE40187;GSE40187_gene_exp_diff_MG1_MG2_fromtophat120_cufflinks102_c0_081612.txt.gz;spiky;0.975642;NA;NA
GSE40218;GSE40218_processed_DESeq.txt.gz;bimodal;0.915251;anti-conservative;0.893395
GSE40548;GSE40548_gene_exp.diff.gz;conservative;0.998933;NA;NA
GSE41090;GSE41090_WT_vs_KO_full_genes.tab.txt.gz;conservative;0.987720;NA;NA
GSE41487;GSE41487_ResultsContr123vsRas123Multiple.xls.gz-sheet-RawData Contr123 vs Ras123;conservative;0.999604;NA;NA
GSE42805;GSE42805_acute_gene.diff.gz;bimodal;0.998947;NA;NA
GSE42805;GSE42805_cds_exp.diff.gz;conservative;0.998233;NA;NA
GSE42805;GSE42805_cds.diff.gz;bimodal;0.858987;NA;NA
GSE42805;GSE42805_gene_exp.diff.gz;bimodal;0.999234;NA;NA
GSE42805;GSE42805_isoform_exp.diff.gz;bimodal;0.988417;NA;NA
GSE42805;GSE42805_promoters.diff.gz;bimodal;0.865887;NA;NA
GSE42805;GSE42805_splicing.diff.gz;bimodal;0.948711;NA;NA
GSE42805;GSE42805_tss_group_exp.diff.gz;bimodal;0.994060;NA;NA
GSE44665;GSE44665_gene_exp.diff.txt.gz;conservative;0.999993;NA;NA
GSE44668;GSE44668_gene_exp_diff.txt.gz;conservative;1.000000;NA;NA
GSE46502;GSE46502_diff_gene_exp_PR_all.xlsx.gz-sheet-gene_exp.diff;conservative;0.999083;NA;NA
GSE46807;GSE46807_GEO_values_TAF4_RNAseq_Tophat.Cufflinks_mm9_WeiYi.txt.gz;conservative;0.999714;NA;NA
GSE47095;GSE47095_splicing_diff.txt.gz;conservative;0.845802;NA;NA
GSE47395;GSE47395_gene_exp.diff.anno.known.csv.gz;bimodal;0.999998;NA;NA
GSE47399;GSE47399_diff_exp_gene_exp.diff.txt.gz;conservative;0.996423;NA;NA
GSE48230;GSE48230_PC3-EMT14_v_PC3-EMT14-OVOL1_gene_exp.diff.txt.gz;conservative;0.997804;NA;NA
GSE48230;GSE48230_PC3-EMT14_v_PC3-EMT14-OVOL1_isoform_exp.diff.txt.gz;conservative;0.999229;NA;NA
GSE48230;GSE48230_PC3-EMT14-OVOL1_v_PC3-EMT14-OVOL2_gene_exp.diff.txt.gz;conservative;0.997903;NA;NA
GSE48230;GSE48230_PC3-EMT14-OVOL1_v_PC3-EMT14-OVOL2_isoform_exp.diff.txt.gz;conservative;0.998380;NA;NA
GSE49097;GSE49097_BetweenGenotypes_gene_exp.diff.gz;conservative;1.000000;NA;NA
GSE49097;GSE49097_CompareAll_gene_exp.diff.gz;conservative;0.999946;NA;NA
GSE49097;GSE49097_Within_A_gene_exp.diff.gz;conservative;0.999995;NA;NA
GSE49097;GSE49097_Within_WT_gene_exp.diff.gz;conservative;1.000000;NA;NA
GSE49147;GSE49147_iPS_PF1_vs_PF2.txt.gz;conservative;0.999853;NA;NA
GSE49147;GSE49147_iPS_TTF1_vs_TTF2.txt.gz;conservative;0.999944;NA;NA
GSE49313;GSE49313_DRRi_GFPi_cds_exp.diff.txt.gz;conservative;0.999538;NA;NA
GSE49313;GSE49313_PhanDRR1.2_PhanGFP_cds_exp.diff.txt.gz;conservative;0.999706;NA;NA
GSE49581;GSE49581_lincBrn1b_All_timepoints_cuffdiff.tab.gz;bimodal;0.874168;NA;NA
GSE49581;GSE49581_lincBrn1b_All_timepoints_cuffdiff.tab.gz;bimodal;0.874579;NA;NA
GSE49581;GSE49581_lincBrn1b_All_timepoints_cuffdiff.tab.gz;bimodal;0.880686;NA;NA
GSE49581;GSE49581_lincBrn1b_All_timepoints_cuffdiff.tab.gz;bimodal;0.881834;NA;NA
GSE49581;GSE49581_lincBrn1b_All_timepoints_cuffdiff.tab.gz;bimodal;0.882196;NA;NA
GSE49581;GSE49581_lincBrn1b_All_timepoints_cuffdiff.tab.gz;bimodal;0.883466;NA;NA
GSE49581;GSE49581_lincBrn1b_All_timepoints_cuffdiff.tab.gz;bimodal;0.887097;NA;NA
GSE49581;GSE49581_lincBrn1b_All_timepoints_cuffdiff.tab.gz;bimodal;0.888081;NA;NA
GSE49581;GSE49581_lincBrn1b_All_timepoints_cuffdiff.tab.gz;conservative;0.993775;NA;NA
GSE49843;GSE49843_gene_exp.diff_22345-22353.txt.gz;conservative;0.965865;NA;NA
GSE50156;GSE50156_mas5D_AND_WT_24oC.txt.gz;conservative;0.999946;NA;NA
GSE50156;GSE50156_nmt1-hsf1_MMThi-_AND_WT_MMThi-.txt.gz;conservative;0.999998;NA;NA
GSE50156;GSE50156_ssa2D_AND_WT_24oC.txt.gz;conservative;0.999849;NA;NA
GSE50156;GSE50156_WT_36oC_15min_AND_WT_24oC.txt.gz;conservative;0.999629;NA;NA
GSE50203;GSE50203_gene_exp.diff.gz;conservative;0.999855;NA;NA
GSE50203;GSE50203_isoform_exp.diff.gz;conservative;0.999977;NA;NA
GSE50424;GSE50424_Adipose.tsv.gz;conservative;0.999999;NA;NA
GSE50424;GSE50424_Liver.tsv.gz;conservative;0.999869;NA;NA
GSE50554;GSE50554_Routine_gene.diff.gz;conservative;0.995130;NA;NA
GSE50554;GSE50554_Routine_isoform.diff.gz;conservative;0.995906;NA;NA
GSE50554;GSE50554_Stringent_gene.diff.gz;conservative;0.996013;NA;NA
GSE50554;GSE50554_Stringent_isoform.diff.gz;conservative;0.997327;NA;NA
GSE50557;GSE50557_rnaseq-lbl1-Cuffdiff_gene_expression.txt.gz;conservative;0.999385;NA;NA
GSE50739;GSE50739_gene_exp.diff.txt.gz;conservative;0.999921;NA;NA
GSE51847;GSE51847_Expression_table_LE-2_x_HR-3.txt.gz;conservative;0.999866;NA;NA
GSE51893;GSE51893_wt_v_MZeomesa-sphere_gene_exp.txt.gz;conservative;0.999683;NA;NA
GSE52201;GSE52201_RNAseq_processed_data_L_D_siLSD1.txt.gz;conservative;0.999629;NA;NA
GSE52367;GSE52367_Cuflinks_2338_2339.txt.gz;conservative;0.999732;NA;NA
GSE52450;GSE52450_Cuffdiff_on_pre-pro-B_and_pro-B_aligned_reads_transcript_differential_expression_testing_Bv46.txt.gz;conservative;0.999713;NA;NA
GSE52502;GSE52502_gene_exp.diff.gz;conservative;0.999998;NA;NA
GSE52911;GSE52911_gene_exp.txt.gz;conservative;0.999983;NA;NA
GSE53040;GSE53040_wtDMSOvswtTX129.txt.gz;conservative;0.999983;NA;NA
GSE53470;GSE53470_gene_exp_P251_PCJ_3rep_combined.diff.gz;conservative;0.999905;NA;NA
GSE53470;GSE53470_gene_exp_P251_PJD_3rep_combined.diff.gz;conservative;0.999835;NA;NA
GSE53599;GSE53599_D5-1322_vs_RLuc-713_24hrs.txt.gz;conservative;0.997435;NA;NA
GSE53599;GSE53599_D5-2086_vs_RLuc-713_24hrs.txt.gz;conservative;0.998479;NA;NA
GSE53653;GSE53653_st10.5_Foxh1_MO_gene_exp_diff.txt.gz;conservative;0.985821;NA;NA
GSE53653;GSE53653_st10.5_SB431542_gene_exp_diff.txt.gz;conservative;0.999052;NA;NA
GSE53789;GSE53789_gene_exp.diff.txt.gz;conservative;0.996840;NA;NA
GSE53789;GSE53789_GFP_FACS_x_GFP_LCM-not_significant.diff.txt.gz;conservative;0.999071;NA;NA
GSE53789;GSE53789_GFP_FACS_x_WT_FACS-not_significant.diff.txt.gz;conservative;1.000000;NA;NA
GSE53789;GSE53789_GFP_LCM_x_GFP_FACS-not_significant.diff.txt.gz;conservative;0.999071;NA;NA
GSE53789;GSE53789_GFP_LCM_x_WT_FACS-not_significant.diff.txt.gz;conservative;0.999166;NA;NA
GSE53789;GSE53789_WT_FACS_x_GFP_FACS-not_significant.diff.txt.gz;conservative;1.000000;NA;NA
GSE53789;GSE53789_WT_FACS_x_GFP_LCM-not_significant.diff.txt.gz;conservative;0.999166;NA;NA
GSE54433;GSE54433_gene_exp.diff.txt.gz;conservative;0.999702;NA;NA
GSE54602;GSE54602_D4_D8_D11_D14_isoform_exp.diff.parsed.txt.gz;conservative;0.997969;NA;NA
GSE54602;GSE54602_D4_D8_D11_D14_isoform_exp.diff.parsed.txt.gz;conservative;0.999830;NA;NA
GSE54641;GSE54641_cuffdiff2_gene_exp.diff.txt.gz;conservative;0.997698;NA;NA
GSE54982;GSE54982_Differential_Gene_Expression_Summary.xlsx.gz-sheet-C1_WtE8.0_Vs_Wt10.0;bimodal;0.984032;NA;NA
GSE54982;GSE54982_Differential_Gene_Expression_Summary.xlsx.gz-sheet-C2_Wt_VS_ Tc E8.0;bimodal;0.993633;NA;NA
GSE54982;GSE54982_Differential_Gene_Expression_Summary.xlsx.gz-sheet-C3_Wt_VS_Tc_E10.0;bimodal;0.988419;NA;NA
GSE54982;GSE54982_Differential_Gene_Expression_Summary.xlsx.gz-sheet-C4_TcE8.0_VS_TcE10.0;bimodal;0.985275;NA;NA
GSE54984;GSE54984_Differential_Gene_Expression_Summary.xlsx.gz-sheet-EBDay4_ControlVSBrachyuryKD;bimodal;0.991019;NA;NA
GSE54984;GSE54984_Differential_Gene_Expression_Summary.xlsx.gz-sheet-ESCs_VS_EBDay4;bimodal;0.936855;NA;NA
GSE55394;GSE55394_gene_exp.diff.txt.gz;conservative;0.999942;NA;NA
GSE55596;GSE55596_alldiff_nonovel.txt.gz;conservative;0.999605;NA;NA
GSE55870;GSE55870_CAF90vsNF1493.xlsx.gz;conservative;0.988529;other;0.999614
GSE56052;GSE56052_gene_exp.diff.gz;conservative;0.999999;NA;NA
GSE56097;GSE56097_Cufflinks_CuffDiff_gene_exp.txt.gz;conservative;1.000000;NA;NA
GSE56122;GSE56122_IFN-gene_exp.diff.gz;conservative;0.999854;NA;NA
GSE56122;GSE56122_LPS-gene_exp.diff.gz;conservative;0.996309;NA;NA
GSE56284;GSE56284_gene_exp.txt.gz;bimodal;0.868891;NA;NA
GSE56575;GSE56575_cds_exp.diff.txt.gz;conservative;0.997835;NA;NA
GSE56966;GSE56966_IL6Ra_WT.xlsx.gz-sheet-gene_notest;conservative;1.000000;NA;NA
GSE56966;GSE56966_MyD88_WT.xlsx.gz-sheet-gene_notest;conservative;1.000000;NA;NA
GSE57227;GSE57227_PHH_GW_vs_DMSO_RNA_seq_gene_exp.diff.gz;conservative;0.999990;NA;NA
GSE57396;GSE57396_Cuttdiff_cds_exp.diff.txt.gz;conservative;0.999706;NA;NA
GSE57517;GSE57517_gene_exp.diff.gz;conservative;0.999660;NA;NA
GSE57680;GSE57680_RPKM_luminal_epithelium.txt.gz;conservative;0.999988;NA;NA
GSE57680;GSE57680_RPKM_stroma.txt.gz;conservative;1.000000;NA;NA
GSE57682;GSE57682_Id2_3_Treg_G42_Cuffdiff.txt.gz;conservative;0.999997;NA;NA
GSE58360;GSE58360_Cebpa.txt.gz;conservative;0.997325;NA;NA
GSE58464;GSE58464_RNA-seq_tophat_microrazers_results.txt.gz;conservative;0.949250;NA;NA
GSE58464;GSE58464_RNA-seq_tophat_microrazers_results.txt.gz;conservative;0.998963;NA;NA
GSE59017;GSE59017_isoform_exp.diff.gz;conservative;0.999912;NA;NA
GSE59020;GSE59020_ETS1_gene_exp_all.diff.gz;conservative;0.999624;NA;NA
GSE59290;GSE59290_ANTI_isoform_exp.diff.txt.gz;conservative;0.999994;NA;NA
GSE59481;GSE59481_PIG_vs_GFP_DE_genes.txt.gz;bimodal;0.913413;NA;NA
GSE59781;GSE59781_gene_exp.diff.gz;bimodal;0.817684;NA;NA
GSE59850;GSE59850_redgrn_early_cuffdiff_out.diff.txt.gz;bimodal;0.997926;NA;NA
GSE59850;GSE59850_redgrn_late_cuffdiff_out.diff.txt.gz;bimodal;0.998902;NA;NA
GSE59850;GSE59850_redrho_late_cuffdiff_out.diff.txt.gz;bimodal;0.976384;NA;NA
GSE59850;GSE59850_redvio_late_cuffdiff_out.diff.txt.gz;bimodal;0.995284;NA;NA
GSE59850;GSE59850_rhogrn_early_cuffdiff_out.diff.txt.gz;conservative;0.999726;NA;NA
GSE60441;GSE60441_gene_exp.diff.gz;bimodal;0.785201;NA;NA
GSE60630;GSE60630_PDC3_vs_DMSO_gene_exp.diff.gz;bimodal;0.863721;NA;NA
GSE60630;GSE60630_PDC3_vs_DMSO_isoform_exp.diff.gz;bimodal;0.955808;NA;NA
GSE60630;GSE60630_PDC3_vs_DMSO_splicing.diff.gz;conservative;0.999826;NA;NA
GSE60642;GSE60642_AB056_2.xlsx.gz;bimodal;0.849521;NA;NA
GSE60691;GSE60691_processed_data_aso_wild_type.txt.gz;bimodal;0.944819;NA;NA
GSE60691;GSE60691_processed_data_krkr_sumo_mut.txt.gz;bimodal;0.935175;NA;NA
GSE60822;GSE60822_cuffdiff.control.ablation.tab.gz;conservative;0.999998;NA;NA
GSE60822;GSE60822_cuffdiff.control.induction.tab.gz;conservative;1.000000;NA;NA
GSE60822;GSE60822_cuffdiff.induction.ablation.tab.gz;conservative;0.999982;NA;NA
GSE61202;GSE61202_NICvsMOdifferential_expression.txt.gz;conservative;0.999922;NA;NA
GSE61238;GSE61238_gene_exp.diff.gz;conservative;0.964367;NA;NA
GSE61336;GSE61336_results_WTL_vs_WTZ.txt.gz;conservative;0.997988;anti-conservative;0.985689
GSE61566;GSE61566_cds.diff.gz;conservative;0.984310;NA;NA
GSE61566;GSE61566_gene_exp.diff.gz;bimodal;0.735926;NA;NA
GSE61566;GSE61566_isoform_exp.diff.gz;bimodal;0.857364;NA;NA
GSE61566;GSE61566_promoters.diff.gz;conservative;0.998019;NA;NA
GSE61566;GSE61566_splicing.diff.gz;conservative;0.993730;NA;NA
GSE61566;GSE61566_tss_group_exp.diff.gz;bimodal;0.802354;NA;NA
GSE61733;GSE61733_gene_exp.diff.gz;conservative;0.999869;NA;NA
GSE61796;GSE61796_NG_Induced_transcript_changes.txt.gz;conservative;0.992750;NA;NA
GSE61845;GSE61845_gene_exp.diff.txt.gz;conservative;1.000000;NA;NA
GSE61969;GSE61969_gene_exp.diff.gz;conservative;0.958416;NA;NA
GSE62200;GSE62200_Table_S4.xls.gz-sheet-Table S5 N2Y6-E VS LYP9-E;conservative;0.999066;NA;NA
GSE62633;GSE62633_Differential_expression_table.txt.gz;conservative;0.984242;NA;NA
GSE62647;GSE62647_Setd8_differential_expression_analyses.txt.gz;conservative;0.988801;NA;NA
GSE62668;GSE62668_Embryo.txt.gz;conservative;0.999918;NA;NA
GSE62668;GSE62668_Sperm.txt.gz;conservative;0.999994;NA;NA
GSE63091;GSE63091_diffana_DESeq_GFP-4A3-Y14_MLN51-UPF1.Ensembl65.tsv.gz;conservative;0.971084;anti-conservative;0.943176
GSE63091;GSE63091_diffana_DESeq_GFP-4A3-Y14_MLN51-UPF1.Ensembl65.tsv.gz;conservative;0.971084;anti-conservative;0.994995
GSE63091;GSE63091_diffana_DESeq_GFP-4A3-Y14_MLN51-UPF1.Ensembl65.tsv.gz;conservative;0.971084;other;0.998871
GSE63091;GSE63091_diffana_DESeq_GFP-4A3-Y14_MLN51-UPF1.Ensembl65.tsv.gz;conservative;0.971084;other;0.999313
GSE63091;GSE63091_diffana_DESeq_GFP-4A3-Y14_MLN51-UPF1.Ensembl65.tsv.gz;conservative;0.989962;anti-conservative;0.943176
GSE63091;GSE63091_diffana_DESeq_GFP-4A3-Y14_MLN51-UPF1.Ensembl65.tsv.gz;conservative;0.989962;anti-conservative;0.994995
GSE63091;GSE63091_diffana_DESeq_GFP-4A3-Y14_MLN51-UPF1.Ensembl65.tsv.gz;conservative;0.989962;other;0.998871
GSE63091;GSE63091_diffana_DESeq_GFP-4A3-Y14_MLN51-UPF1.Ensembl65.tsv.gz;conservative;0.989962;other;0.999313
GSE63091;GSE63091_diffana_DESeq_GFP-4A3-Y14_MLN51-UPF1.Ensembl65.tsv.gz;conservative;0.990063;anti-conservative;0.943176
GSE63091;GSE63091_diffana_DESeq_GFP-4A3-Y14_MLN51-UPF1.Ensembl65.tsv.gz;conservative;0.990063;anti-conservative;0.994995
GSE63091;GSE63091_diffana_DESeq_GFP-4A3-Y14_MLN51-UPF1.Ensembl65.tsv.gz;conservative;0.990063;other;0.998871
GSE63091;GSE63091_diffana_DESeq_GFP-4A3-Y14_MLN51-UPF1.Ensembl65.tsv.gz;conservative;0.990063;other;0.999313
GSE63091;GSE63091_diffana_DESeq_GFP-4A3-Y14_MLN51-UPF1.Ensembl65.tsv.gz;conservative;0.995785;anti-conservative;0.943176
GSE63091;GSE63091_diffana_DESeq_GFP-4A3-Y14_MLN51-UPF1.Ensembl65.tsv.gz;conservative;0.995785;anti-conservative;0.994995
GSE63091;GSE63091_diffana_DESeq_GFP-4A3-Y14_MLN51-UPF1.Ensembl65.tsv.gz;conservative;0.995785;other;0.998871
GSE63091;GSE63091_diffana_DESeq_GFP-4A3-Y14_MLN51-UPF1.Ensembl65.tsv.gz;conservative;0.995785;other;0.999313
GSE63133;GSE63133_D.rerio_SVCV_infected__24K__vs_control__0K_.txt.gz;conservative;0.999980;NA;NA
GSE63133;GSE63133_D.rerio_SVCV_infected__24S__vs_control__0S_.txt.gz;conservative;0.999987;NA;NA
GSE63133;GSE63133_D.rerio_SVCV_infected__6K__vs_control__0K_.txt.gz;conservative;0.999919;NA;NA
GSE63133;GSE63133_D.rerio_SVCV_infected__6S__vs_control__0S_.txt.gz;conservative;0.999999;NA;NA
GSE63161;GSE63161_diff-Gene-list.txt.gz;spiky;0.987503;NA;NA
GSE63226;GSE63226_WRR+vsWRR-.xls.gz;conservative;0.987294;NA;NA
GSE63300;GSE63300_gene_exp.diff.txt.gz;conservative;0.998549;NA;NA
GSE63485;GSE63485_KS_J1Csh63_vs_KS_CTRL.two_replicates.all_gene_exp.tbl.txt.gz;conservative;0.999439;NA;NA
GSE63485;GSE63485_KS_J1Csh95_vs_KS_CTRL.two_replicates.all_gene_exp.tbl.txt.gz;conservative;0.999592;NA;NA
GSE63485;GSE63485_shAML1_ETO_vs_shControl.all_gene_exp.tbl.txt.gz;conservative;0.999988;NA;NA
GSE63555;GSE63555_Ago2_immunoprecipitation_cuffdiff_fpkm.txt.gz;conservative;0.999995;NA;NA
GSE63555;GSE63555_Gene_expression_cuffdiff_fpkm.txt.gz;conservative;1.000000;NA;NA
GSE63748;GSE63748_exp_7d4h_diff.txt.gz;conservative;0.999586;NA;NA
GSE63794;GSE63794_gene_exp.diff.gz;conservative;0.999814;NA;NA
GSE63838;GSE63838_cds_exp_diff_2D.txt.gz;conservative;0.988470;NA;NA
GSE63889;GSE63889_Diff_0U_120U_gene_exp.diff.gz;conservative;0.999623;NA;NA
GSE63889;GSE63889_Diff_120U_120C_gene_exp.diff.gz;conservative;0.999992;NA;NA
GSE64025;GSE64025_gene_exp.diff.gz;conservative;0.999976;NA;NA
GSE64185;GSE64185_gene_exp.diff.gz;conservative;0.999841;NA;NA
GSE64455;GSE64455_cuffdiff_out.txt.gz;conservative;0.999335;NA;NA
GSE64544;GSE64544_LV_processed.txt.gz;conservative;0.996360;NA;NA
GSE64544;GSE64544_MV_processed.txt.gz;conservative;0.999944;NA;NA
GSE64641;GSE64641_leaf_gene_exp.diff.txt.gz;conservative;1.000000;NA;NA
GSE64641;GSE64641_seedling_gene_exp.diff.txt.gz;conservative;1.000000;NA;NA
GSE64687;GSE64687_FPKM_and_differential_expression_for_mRNA.txt.gz;conservative;0.998616;NA;NA
GSE64757;GSE64757_All_FPKMs_GEO.csv.gz;conservative;0.999766;NA;NA
GSE64840;GSE64840_2N_Ts65Dn_MEFs.gene_exp.diff.gz;conservative;0.973675;NA;NA
GSE64854;GSE64854_cds_exp.diff.gz;conservative;0.995474;NA;NA
GSE64854;GSE64854_cds.diff.gz;conservative;0.999999;NA;NA
GSE64854;GSE64854_gene_exp.diff.gz;conservative;0.984911;NA;NA
GSE64854;GSE64854_isoform_exp.diff.gz;conservative;0.998383;NA;NA
GSE64854;GSE64854_tss_group_exp.diff.gz;conservative;0.992042;NA;NA
GSE65025;GSE65025_WT-HSF_gene_exp.diff.gz;conservative;0.987290;NA;NA
GSE65039;GSE65039_gene_exp1.txt.gz;conservative;0.999970;NA;NA
GSE65328;GSE65328_A17_6V.tab.gz;conservative;0.936792;anti-conservative;0.918161
GSE65406;GSE65406_control_vs_gld1_DESeq.csv.gz;conservative;0.849210;anti-conservative;0.998081
GSE65408;GSE65408_processed_data_file.csv.gz;conservative;0.999549;NA;NA
GSE65697;GSE65697_RNA-seq.csv.gz;bimodal;0.776596;NA;NA
GSE65987;GSE65987_FPKM_for_MEFs.txt.gz;conservative;0.999979;NA;NA
GSE66155;GSE66155_regulation.txt.gz;conservative;0.999947;NA;NA
GSE66232;GSE66232_B-ALL_Cuffdiff_Trim33.1271_rep1.txt.gz;conservative;0.995166;NA;NA
GSE66232;GSE66232_B-ALL_Cuffdiff_Trim33.1271_rep2.txt.gz;conservative;0.997213;NA;NA
GSE66445;GSE66445_M._a.-pES1-MATmcr3_methane_vs._M.a.-pES1-MATmcr3_methanol_GEO_Processed_data.xlsx-sheet-Sheet1;conservative;0.999979;NA;NA
GSE66478;GSE66478_isoform_exp.txt.gz;conservative;0.998763;NA;NA
GSE66575;GSE66575_RNAseq_genes_expression.xlsx-sheet-control_vs_comparison.gene_exp;conservative;0.998289;NA;NA
GSE66575;GSE66575_RNAseq_genes_expression.xlsx-sheet-control_vs_comparison.isoform_e;conservative;0.999492;NA;NA
GSE66716;GSE66716_Lim_et_al_14-3-3zKOWAT_Processed_data_Cuffdiff.xlsx;conservative;0.999947;NA;NA
GSE66767;GSE66767_CD34_cord_blood.EET.txt.gz;spiky;0.999978;NA;NA
GSE66767;GSE66767_U937.EET.txt.gz;spiky;1.000000;NA;NA
GSE67001;GSE67001_gene_exp.diff.gz;conservative;0.999644;NA;NA
GSE67787;GSE67787_con_bps_wex_RNAseq_gene_exp.diff.gz;conservative;0.998483;NA;NA
GSE68102;GSE68102_gene_exp.diff.gz;conservative;0.963258;NA;NA
GSE68176;GSE68176_Camfl1.gene_exp.diff.gz;spiky;0.966288;NA;NA
GSE68229;GSE68229_gene_exp.diff.gz;conservative;0.999694;NA;NA
GSE68229;GSE68229_isoform_exp.diff.gz;conservative;0.999984;NA;NA
GSE68360;GSE68360_cds_exp.diff.gz;bimodal;0.998389;NA;NA
GSE68360;GSE68360_cds.diff.gz;conservative;0.826347;NA;NA
GSE68360;GSE68360_gene_exp.diff.gz;conservative;0.998207;NA;NA
GSE68360;GSE68360_isoform_exp.diff.gz;bimodal;0.998987;NA;NA
GSE68360;GSE68360_promoters.diff.gz;bimodal;0.787390;NA;NA
GSE68360;GSE68360_splicing.diff.gz;conservative;0.772572;NA;NA
GSE68460;GSE68460_gene_exp.xls.gz-sheet-Sheet1;conservative;0.999946;NA;NA
GSE68460;GSE68460_WSVSBS_gene_diff.xls.gz-sheet-Sheet1;conservative;0.999882;NA;NA
GSE68736;GSE68736_gene_exp.diff.gz;conservative;0.999840;NA;NA
GSE68806;GSE68806_Galaxy_data_Cuffdiff.txt.gz;conservative;0.999975;NA;NA
GSE68813;GSE68813_Woolnough2015_CuffDiff_RNA-seq.xlsx-sheet-rep1 CuffDiff Mock vs AGO2-KD;conservative;0.999977;NA;NA
GSE68813;GSE68813_Woolnough2015_CuffDiff_RNA-seq.xlsx-sheet-rep2 CuffDiff Mock vs AGO2-KD;conservative;0.999660;NA;NA
GSE69125;GSE69125_10408_gene_exp.diff.gz;conservative;0.997659;NA;NA
GSE69175;GSE69175_gene_exp.txt.gz;conservative;0.992909;NA;NA
GSE69205;GSE69205_gene_exp.txt.gz;conservative;0.994543;NA;NA
GSE69855;GSE69855_gene_exp_ResvResVag.txt.gz;conservative;0.987537;NA;NA
GSE69855;GSE69855_gene_exp_ResvSham.txt.gz;conservative;0.998550;NA;NA
GSE70068;GSE70068_GM_gene_exp.diff.gz;conservative;0.999998;NA;NA
GSE70068;GSE70068_TNF_gene_exp.diff.gz;conservative;0.999999;NA;NA
GSE70068;GSE70068_UT_gene_exp.diff.gz;conservative;0.999996;NA;NA
GSE70108;GSE70108_G263_CuffDiff_WTvsDDX5Tko.tabular.txt.gz;conservative;0.999977;NA;NA
GSE70108;GSE70108_G340_CuffDiff_WTvsRORgko.tabular.txt.gz;conservative;0.999976;NA;NA
GSE70283;GSE70283_cuffdiff_gene_exp.diff.gz;bimodal;0.958698;NA;NA
GSE70382;GSE70382_DESeq_allresp_vs_nonresp.xlsx-sheet-Blad1;conservative;0.959946;uniform;0.999749
GSE70544;GSE70544_Normoxia_vs_Hypoxia_Gencode_gene_exp.diff.txt.gz;conservative;0.965737;NA;NA
GSE70544;GSE70544_Normoxia_vs_Hypoxia_Rinn_gene_exp.diff.txt.gz;conservative;0.956143;NA;NA
GSE70544;GSE70544_Vehicle_vs_Cytokine_Gencode_gene_exp.diff.txt.gz;conservative;0.963085;NA;NA
GSE70544;GSE70544_Vehicle_vs_Cytokine_Rinn_gene_exp.diff.txt.gz;conservative;0.953147;NA;NA
GSE70584;GSE70584_Liberman2015_Wholeroot_CUFFLINKS_gene_exp.txt.gz;conservative;0.997039;NA;NA
GSE70668;GSE70668_DD_gene_exp.diff.csv.gz;conservative;0.998362;NA;NA
GSE70699;GSE70699_gene_exp.diff.gz;conservative;0.998817;NA;NA
GSE70711;GSE70711_IRF4hi.vs.IRF8hi.gene_exp.diff.gz;conservative;0.965215;NA;NA
GSE70728;GSE70728_KDM2B_RNAseq_DEG.diff.gz;conservative;0.997105;NA;NA
GSE70766;GSE70766_Differential_expression.txt.gz;bimodal;0.903133;NA;NA
GSE70785;GSE70785_gene_exp.diff.gz;conservative;0.999999;NA;NA
GSE70806;GSE70806_rf6a_matrix.txt.gz;conservative;0.957385;NA;NA
GSE70833;GSE70833_Rennoll_et_al_processed_data.xlsx-sheet-Cuffdiff;conservative;0.998978;NA;NA
GSE71159;GSE71159_E3KO_vs_EfCtrl_gene_exp.diff.txt.gz;conservative;0.993880;NA;NA
GSE71159;GSE71159_ECtrl_vs_E3KO_gene_exp.diff.txt.gz;conservative;0.992781;NA;NA
GSE71159;GSE71159_ECtrl_vs_EfCtrl_gene_exp.diff.txt.gz;conservative;0.999998;NA;NA
GSE71164;GSE71164_SCR-static_vs_SCR-FSS.tabular.txt.gz;bimodal;0.914548;NA;NA
GSE71164;GSE71164_SCR-static_vs_SH-EZH2-static.tabular.txt.gz;conservative;0.918855;NA;NA
GSE71281;GSE71281_G53_veh_vs_SAA_Th17_CuffDiff_Gene_Differential.txt.gz;conservative;0.994751;NA;NA
GSE71284;GSE71284_control_WT2_WT3_C1_C2_vs_truncation_3kb1_3kb2_100kb1_100kb2_CUFFDIFF_gene_exp.diff.gz;conservative;0.999970;NA;NA
GSE71295;GSE71295_gene_exp.diff.gz;conservative;0.976762;NA;NA
GSE71527;GSE71527_KO_naive_vs_KO_SNI_Sal.xlsx;conservative;0.999981;NA;NA
GSE71527;GSE71527_KO_SNI_Sal_vs_KO_SNI_DMI.xlsx;conservative;0.999939;NA;NA
GSE71527;GSE71527_WT_naive_vs_KO_naive.xlsx;conservative;0.999543;NA;NA
GSE71527;GSE71527_WT_naive_vs_WT_SNI_Sal.xlsx;conservative;0.999646;NA;NA
GSE71527;GSE71527_WT_SNI_DMI_vs_KO_SNI_DMI.xlsx;conservative;0.999924;NA;NA
GSE71527;GSE71527_WT_SNI_Sal_vs_KO_SNI_Sal.xlsx;conservative;0.999993;NA;NA
GSE71527;GSE71527_WT_SNI_Sal_vs_WT_SNI_DMI.xlsx;conservative;0.999998;NA;NA
GSE71609;GSE71609_2015_MZT.txt.gz;bimodal;0.841590;NA;NA
GSE71609;GSE71609_2015_MZT.txt.gz;bimodal;0.848165;NA;NA
GSE71609;GSE71609_2015_MZT.txt.gz;bimodal;0.890896;NA;NA
GSE71609;GSE71609_2015_MZT.txt.gz;conservative;0.964844;NA;NA
GSE71609;GSE71609_2015_MZT.txt.gz;conservative;0.983489;NA;NA
GSE72059;GSE72059_21_gene_exp.diff.txt.gz;conservative;0.999949;NA;NA
GSE72105;GSE72105_Differential_Gene_Expression_Summary_D0.txt.gz;bimodal;0.999917;NA;NA
GSE72105;GSE72105_Differential_Gene_Expression_Summary_myotubes.txt.gz;conservative;0.916751;NA;NA
GSE72105;GSE72105_Differential_Gene_Expression_Summary_usp10.txt.gz;conservative;0.999884;NA;NA
GSE72172;GSE72172_S2_vs_SIN3_187.txt.gz;bimodal;0.886215;NA;NA
GSE72178;GSE72178_gene_exp.diff.txt.gz;conservative;0.999860;NA;NA
GSE72560;GSE72560_Enteric_Glia.txt.gz;conservative;0.999067;NA;NA
GSE72712;GSE72712_ESCd_40-70_over_ESCd_lt40.cuffdiff.xlsx-sheet-EST-d_40-70_over_EST-d_lt40;conservative;0.997216;NA;NA
GSE72712;GSE72712_ESCd_40-70_over_ESCu.cuffdiff.xlsx-sheet-EST-d_40-70_over_EST-u.cuffdiff;conservative;0.978385;NA;NA
GSE72712;GSE72712_ESCd_gt70_over_ESCd_40-70.cuffdiff.xlsx-sheet-EST-d_gt70_over_EST-d_40-70;conservative;0.999997;NA;NA
GSE72712;GSE72712_ESCd_gt70_over_ESCd_lt40.cuffdiff.xlsx-sheet-EST-d_gt70_over_EST-d_lt40;conservative;0.995924;NA;NA
GSE72712;GSE72712_ESCd_gt70_over_ESCu.cuffdiff.xlsx-sheet-EST-d_gt70_over_EST-u.cuffdiff;conservative;0.977657;NA;NA
GSE72712;GSE72712_ESCd_lt40_over_ESCu.cuffdiff.xlsx-sheet-EST-d_lt40_over_EST-u.cuffdiff;conservative;0.973014;NA;NA
GSE72820;GSE72820_MDA1N-1P_RPKM.xlsx.gz;conservative;0.999942;NA;NA
GSE72820;GSE72820_MDA27N-27P_RPKM.xlsx.gz;conservative;0.999728;NA;NA
GSE72820;GSE72820_MDA2N-2P_RPKM.xlsx.gz;conservative;0.999903;NA;NA
GSE72820;GSE72820_MDA31N-31P_RPKM.xlsx.gz;conservative;0.999986;NA;NA
GSE72820;GSE72820_MDA33N-33P_RPKM.xlsx.gz;conservative;0.999984;NA;NA
GSE72820;GSE72820_MDA34N-34P_RPKM.xlsx.gz;conservative;0.999994;NA;NA
GSE72820;GSE72820_MDA3N-3P_RPKM.xlsx.gz;conservative;0.999979;NA;NA
GSE72830;GSE72830_tss_group_exp.diff.gz;conservative;0.987599;NA;NA
GSE72917;GSE72917_DP1_WTvKO.txt.gz;conservative;0.961652;NA;NA
GSE72917;GSE72917_DP2_WTvKO.txt.gz;conservative;0.985798;NA;NA
GSE72917;GSE72917_KO_DP1vDP2.txt.gz;conservative;0.996486;NA;NA
GSE72917;GSE72917_WT_DP1vDP2.txt.gz;conservative;0.958959;NA;NA
GSE72994;GSE72994_cds_exp.diff.gz;conservative;0.998570;NA;NA
GSE72994;GSE72994_gene_exp.diff.gz;conservative;0.997416;NA;NA
GSE72994;GSE72994_isoform_exp.diff.gz;conservative;0.999143;NA;NA
GSE72994;GSE72994_promoters.diff.gz;conservative;0.999999;NA;NA
GSE72994;GSE72994_tss_group_exp.diff.gz;conservative;0.998231;NA;NA
GSE73077;GSE73077_fpkm_gene_exp.diff.gz;conservative;0.999952;NA;NA
GSE73192;GSE73192_cds_chromosome_exp.diff.gz;bimodal;0.992238;NA;NA
GSE73289;GSE73289_gene_exp.diff.gz;conservative;0.999572;NA;NA
GSE73678;GSE73678_Differential_gene_expression.xlsx.gz;conservative;0.973837;NA;NA
GSE73940;GSE73940_cuffdiff.gene_exp.diff.gz;conservative;0.993183;NA;NA
GSE73940;GSE73940_cuffdiff.isoform_exp.diff.gz;conservative;0.995764;NA;NA
GSE74131;GSE74131_gene_exp.diff.gz;conservative;0.994971;NA;NA
GSE74148;GSE74148_RNA-seq0415.xlsx;bimodal;0.992342;NA;NA
GSE74148;GSE74148_RNA-seq0415.xlsx;conservative;0.999679;NA;NA
GSE74148;GSE74148_RNA-seq0415.xlsx;conservative;0.999883;NA;NA
GSE74148;GSE74148_RNA-seq0415.xlsx;conservative;1.000000;NA;NA
GSE74196;GSE74196_SnapC_gene_exp.diff.gz;conservative;0.999742;NA;NA
GSE74220;GSE74220_Expression_of_Protein_Coding_Genes_in_Control_and_IL1b_treated_human_chondrocytes.txt.gz;conservative;0.996759;NA;NA
GSE74868;GSE74868_ETS2_T72D_OE_Epi_RNAseq.txt.gz;conservative;0.942426;NA;NA
GSE74893;GSE74893_ctrl_and_Tsc1ckO_gene_exp.txt.gz;conservative;0.999951;NA;NA
GSE75787;GSE75787_gene_exp.diff.txt.gz;bimodal;0.999720;NA;NA
GSE75878;GSE75878_cds_exp.diff.gz;conservative;0.998808;NA;NA
GSE75878;GSE75878_cds.diff.gz;conservative;0.588115;NA;NA
GSE75878;GSE75878_gene_exp.diff.gz;conservative;0.999651;NA;NA
GSE75878;GSE75878_isoform_exp.diff.gz;conservative;0.999718;NA;NA
GSE75878;GSE75878_promoters.diff.gz;anti-conservative;0.437359;NA;NA
GSE75878;GSE75878_tss_group_exp.diff.gz;conservative;0.999733;NA;NA
GSE76125;GSE76125_SenesUntreated_vs_SenesTreated_gene_exp.diff.gz;conservative;0.972662;NA;NA
GSE76151;GSE76151_A1_isoform_exp.diff.gz;conservative;0.998976;NA;NA
GSE76151;GSE76151_A2B1_isoform_exp.diff.gz;conservative;0.999752;NA;NA
GSE76151;GSE76151_A2B1A1_isoform_exp.diff.gz;conservative;0.986816;NA;NA
GSE76190;GSE76190_OtA8535_vs_OtA8538_gene_exp.diff.gz;conservative;0.999991;NA;NA
GSE76190;GSE76190_OtA8536_vs_OtA8539_gene_exp.diff.gz;conservative;0.999992;NA;NA
GSE76190;GSE76190_OtA8537_vs_OtA8540_gene_exp.diff.gz;conservative;0.999972;NA;NA
GSE76190;GSE76190_OtA8538_vs_OtA8541_gene_exp.diff.gz;conservative;0.999977;NA;NA
GSE76190;GSE76190_OtA8539_vs_OtA8542_gene_exp.diff.gz;conservative;0.999988;NA;NA
GSE76190;GSE76190_OtA8540_vs_OtA8543_gene_exp.diff.gz;conservative;0.999989;NA;NA
GSE76232;GSE76232_isoforms.diff_exp_ann_result.xls.gz;conservative;0.999131;NA;NA
GSE76287;GSE76287_rosettes_col0vdko_tair.txt.gz;conservative;0.963332;NA;NA
GSE76304;GSE76304_gene_exp.diff.gz;bimodal;0.807593;NA;NA
GSE76396;GSE76396_isoform_exp.diff.gz;conservative;0.998971;NA;NA
GSE76453;GSE76453_cuffdiff_E2.diff.gz;conservative;0.992104;NA;NA
GSE76453;GSE76453_cuffdiff_siCtl.diff.gz;conservative;0.999990;NA;NA
GSE76453;GSE76453_cuffdiff_siZNF143.diff.gz;conservative;0.999996;NA;NA
GSE76453;GSE76453_cuffdiff_veh.diff.gz;conservative;0.999553;NA;NA
GSE76533;GSE76533_leaf.gene_exp.diff.gz;conservative;0.999984;NA;NA
GSE76533;GSE76533_seedling.gene_exp.diff.gz;conservative;1.000000;NA;NA
GSE76627;GSE76627_CNBP-cuffdif.xlsx.gz;conservative;0.999589;NA;NA
GSE76682;GSE76682_EB_AM580gene_exp.diff.gz;conservative;0.999762;NA;NA
GSE76683;GSE76683_shHOXA7gene_exp.diff.gz;conservative;0.999988;NA;NA
GSE76771;GSE76771_ALL_gene_expression.txt.gz;conservative;0.976054;NA;NA
GSE77032;GSE77032_aza_vs_PBS.gene_exp.tsv.gz;conservative;0.999407;NA;NA
GSE77032;GSE77032_aza_vs_vc.gene_exp.tsv.gz;conservative;0.999298;NA;NA
GSE77032;GSE77032_combo_vs_aza.gene_exp.tsv.gz;conservative;0.999994;NA;NA
GSE77032;GSE77032_combo_vs_PBS.gene_exp.tsv.gz;conservative;0.995248;NA;NA
GSE77032;GSE77032_combo_vs_vc.gene_exp.tsv.gz;conservative;0.995410;NA;NA
GSE77032;GSE77032_vc_vs_PBS.gene_exp.tsv.gz;conservative;1.000000;NA;NA
GSE77034;GSE77034_aza_vs_PBS.gene_exp.tsv.gz;conservative;0.994767;NA;NA
GSE77034;GSE77034_aza_vs_vc.gene_exp.tsv.gz;conservative;0.995138;NA;NA
GSE77034;GSE77034_combo_vs_aza.gene_exp.tsv.gz;conservative;0.999989;NA;NA
GSE77034;GSE77034_combo_vs_PBS.gene_exp.tsv.gz;conservative;0.992887;NA;NA
GSE77034;GSE77034_combo_vs_vc.gene_exp.tsv.gz;conservative;0.993406;NA;NA
GSE77034;GSE77034_vc_vs_PBS.gene_exp.tsv.gz;conservative;0.999998;NA;NA
GSE77113;GSE77113_GC_WT_vs_Hdac3KO.diff.gz;conservative;0.999720;NA;NA
GSE77113;GSE77113_Hdac3KO_non-GC_vs_GC.diff.gz;conservative;0.957109;NA;NA
GSE77113;GSE77113_non-GC_WT_vs_Hdac3KO.diff.gz;conservative;0.998045;NA;NA
GSE77113;GSE77113_WT_non-GC_vs_GC.diff.gz;bimodal;0.902107;NA;NA
GSE77218;GSE77218_A3_A2.xlsx-sheet-express;bimodal;0.588551;NA;NA
GSE77218;GSE77218_A4_A2.xlsx-sheet-express;bimodal;0.601998;NA;NA
GSE77218;GSE77218_A4_A3.xlsx-sheet-express;bimodal;0.687107;NA;NA
GSE77229;GSE77229_gene_exp.diff.gz;conservative;0.999837;NA;NA
GSE77256;GSE77256_Cuffdiff_Telogen_HFSCs.txt.gz;conservative;0.993923;NA;NA
GSE77303;GSE77303_gene_exp.diff.gz;conservative;0.958712;NA;NA
GSE77304;GSE77304_gene_exp.diff.gz;conservative;0.999924;NA;NA
GSE77422;GSE77422_H358_Control-GNF5.xlsx-sheet-Sheet1;conservative;0.999523;NA;NA
GSE77422;GSE77422_PC9_Control-GNF5.xlsx;conservative;0.999703;NA;NA
GSE77422;GSE77422_PC9_SCR-AA.xlsx;conservative;0.999820;NA;NA
GSE77422;GSE77422_PC9M_Control-GNF5.xlsx;conservative;0.999727;NA;NA
GSE77422;GSE77422_PC9M_SCR-AA.xlsx;conservative;0.999794;NA;NA
GSE77471;GSE77471_RNASEQ_differential_expression.txt.gz;conservative;0.995653;NA;NA
GSE77499;GSE77499_Dd2CQ_Dd2_3D7_gene_exp.diff.gz;conservative;0.995074;NA;NA
GSE77499;GSE77499_Dd2CQ_Dd2_3D7_isoform_exp.diff.gz;conservative;0.995303;NA;NA
GSE77793;GSE77793_gene_exp_diff_fc_hepatocytes_DMSO_GL_TamerSallam_122012.txt.gz;conservative;0.999994;NA;NA
GSE77862;GSE77862_nhay_-_Alb-Cre.xlsx;conservative;0.999846;NA;NA
GSE78199;GSE78199_Marsh_Cuffdiff_differential_gene_expression.txt.gz;conservative;0.996900;NA;NA
GSE78199;GSE78199_Marsh_Cuffdiff_differential_gene_expression.txt.gz;conservative;0.997277;NA;NA
GSE78199;GSE78199_Marsh_Cuffdiff_differential_gene_expression.txt.gz;conservative;0.999180;NA;NA
GSE78199;GSE78199_Marsh_Cuffdiff_differential_gene_expression.txt.gz;conservative;0.999662;NA;NA
GSE78199;GSE78199_Marsh_Cuffdiff_differential_gene_expression.txt.gz;conservative;0.999713;NA;NA
GSE78199;GSE78199_Marsh_Cuffdiff_differential_gene_expression.txt.gz;conservative;0.999785;NA;NA
GSE78527;GSE78527_siSNRNP40_siControl_processed.txt.gz;conservative;0.999990;NA;NA
GSE78965;GSE78965_C57Bl6_MCS_vs_FST_acute_gene_differential_expression_testing.txt.gz;conservative;0.996795;NA;NA
GSE78965;GSE78965_C57Bl6_MCS_vs_FST_chronic_gene_differential_expression_testing.txt.gz;conservative;0.958431;NA;NA
GSE79408;GSE79408_gene_exp.diff.gz;conservative;0.993918;NA;NA
GSE79412;GSE79412_amiFPSa_gene_exp_diff.xlsx-sheet-Hoja1;conservative;0.999744;NA;NA
GSE79677;GSE79677_Crossbred_vs._Purebred_comparison_group.tabular.txt.gz;conservative;0.999750;NA;NA
GSE79677;GSE79677_One_by_one_comparisons.tabular.txt.gz;conservative;0.999998;NA;NA
GSE79680;GSE79680_Heat_shock_table.csv.gz;conservative;0.991650;NA;NA
GSE79758;GSE79758_gene_exp.diff.gz;conservative;0.981045;NA;NA
GSE79779;GSE79779_gene_exp.diff.gz;conservative;0.998695;NA;NA
GSE79822;GSE79822_cuffdiffs_mRNA.txt.gz;conservative;0.994327;NA;NA
GSE80237;GSE80237_Supplementary_Data_1.txt.gz;bimodal;0.827458;NA;NA
GSE80301;GSE80301_col_rep1_mom1_gene_exp.diff.txt.gz;conservative;0.999019;NA;NA
GSE80301;GSE80301_col_rep1_nrpe1_gene_exp.diff.txt.gz;conservative;0.999042;NA;NA
GSE80301;GSE80301_col_rep1_pial1pial2_gene_exp.diff.txt.gz;conservative;0.999363;NA;NA
GSE80301;GSE80301_col_rep2_mom1_gene_exp.diff.txt.gz;conservative;0.998534;NA;NA
GSE80301;GSE80301_col_rep2_mom1pial2_gene_exp.diff.txt.gz;conservative;0.998621;NA;NA
GSE80301;GSE80301_col_rep2_pial2_gene_exp.diff.txt.gz;conservative;0.990659;NA;NA
GSE80370;GSE80370_col_morc6_gene_exp.diff.gz;conservative;0.996778;NA;NA
GSE80370;GSE80370_col_suvh2suvh9_gene_exp.diff.gz;conservative;0.999052;NA;NA
GSE80433;GSE80433_gene_exp.diff.gz;conservative;0.970642;NA;NA
GSE80597;GSE80597_Processed_data_cuffdiff_output.txt.gz;conservative;0.951777;NA;NA
GSE80972;GSE80972_frm_gene_exp.diff.txt.gz;conservative;0.999626;NA;NA
GSE81007;GSE81007_cds_exp.diff.gz;conservative;0.992305;NA;NA
GSE81007;GSE81007_cds.diff.gz;conservative;1.000000;NA;NA
GSE81007;GSE81007_gene_exp.diff.gz;conservative;0.984108;NA;NA
GSE81007;GSE81007_isoform_exp.diff.gz;conservative;0.998275;NA;NA
GSE81007;GSE81007_promoters.diff.gz;conservative;1.000000;NA;NA
GSE81007;GSE81007_splicing.diff.gz;conservative;1.000000;NA;NA
GSE81007;GSE81007_tss_group_exp.diff.gz;conservative;0.994340;NA;NA
GSE81055;GSE81055_gene_exp.diff_bias.txt.gz;conservative;0.999762;NA;NA
GSE81055;GSE81055_gene_exp.diff.gz;conservative;0.999761;NA;NA
GSE81114;GSE81114_gene_exp.diff.gz;conservative;0.998933;NA;NA
GSE81123;GSE81123_Poplar_RNAseq_data.ods.txt.gz;conservative;0.999997;NA;NA
GSE81191;GSE81191_Cuffdiff_Isoform.txt.gz;conservative;0.999975;NA;NA
GSE81191;GSE81191_Cuffdiff_transcript.txt.gz;conservative;0.999966;NA;NA
GSE81437;GSE81437_polyA_differential_gene_expression.txt.gz;conservative;0.994105;NA;NA
GSE81575;GSE81575_gene_exp.diff.gz;conservative;0.993080;NA;NA
GSE81707;GSE81707_N2_HC125_RNA-seq_PairedEnd_gene_exp_diff.xlsx;conservative;0.999992;NA;NA
GSE81707;GSE81707_N2_HC125_RNA-seq_SingleEnd_gene_exp_diff.xlsx;conservative;0.999998;NA;NA
GSE81858;GSE81858_AA_ABBB_gene_exp.diff.gz;conservative;0.999984;NA;NA
GSE82164;GSE82164_Cuffdiff_gene_differential_expression_testing.tabular.txt.gz;conservative;0.990777;NA;NA
GSE82164;GSE82164_Cuffdiff_transcript_differential_expression_testing.tabular.txt.gz;conservative;0.996806;NA;NA
GSE82210;GSE82210_cuffdiff_lncOL1KO_vs_Ctrl.gene.fpkm.txt.gz;conservative;0.995033;NA;NA
GSE83217;GSE83217_Processed_Matrix_FPKM.xlsx-sheet-siScramble_vs_siBdnf;conservative;0.999694;NA;NA
GSE83217;GSE83217_Processed_Matrix_FPKM.xlsx-sheet-siScramble_vs_siHdac4;conservative;0.997516;NA;NA
GSE83265;GSE83265_gene_exp.diff.gz;conservative;0.999893;NA;NA
GSE83405;GSE83405_geneExpDiffData_E14_cells_pnldc1_silencing.xlsx-sheet-1;conservative;0.999439;NA;NA
GSE83406;GSE83406_gene_exp.diff.gz;conservative;0.998659;NA;NA
GSE83555;GSE83555_WT-KO-mm9-gene_exp.txt.gz;conservative;0.999853;NA;NA
GSE83560;GSE83560_degTest_byCuffdiff.xlsx-sheet-T_11_12_P-T_11_12_C;conservative;0.999991;NA;NA
GSE83560;GSE83560_degTest_byCuffdiff.xlsx-sheet-T_11_19_1_P-T_11_19_1_C;conservative;1.000000;NA;NA
GSE83560;GSE83560_degTest_byCuffdiff.xlsx-sheet-T_72_P-T_72_C;conservative;0.999952;NA;NA
GSE83567;GSE83567_gene_exp.diff.gz;conservative;0.995295;NA;NA
GSE83584;GSE83584_processed_data_Day0.txt.gz;conservative;0.999999;NA;NA
GSE83584;GSE83584_processed_data_Day3_5.txt.gz;conservative;0.999745;NA;NA
GSE83601;GSE83601_All_genes_in_controls_and_PTSD.txt.gz;conservative;0.997912;NA;NA
GSE83664;GSE83664_NS_M_vs_Input.isoform_exp.diff.gz;conservative;0.998108;NA;NA
GSE83664;GSE83664_NS_vs_Input.isoform_exp.diff.gz;conservative;0.998310;NA;NA
GSE84158;GSE84158_gene_exp.diff.gz;bimodal;0.933472;NA;NA
GSE84249;GSE84249_cuffdiff_gene_differential_expression_testing.tab.gz;conservative;0.999973;NA;NA
GSE84450;GSE84450_WT_UTvsKO_DTT_gene_exp.diff.gz;conservative;0.988343;NA;NA
GSE84450;GSE84450_WT_UTvsKO_UT_gene_exp.diff.gz;conservative;0.999878;NA;NA
GSE84450;GSE84450_WT_UTvsWT_DTT_gene_exp.diff.gz;conservative;0.997948;NA;NA
GSE84450;GSE84450_WT_UTvsX_DTT_gene_exp.diff.gz;conservative;0.979280;NA;NA
GSE84450;GSE84450_WT_UTvsX_UT_gene_exp.diff.gz;conservative;0.990793;NA;NA
GSE84529;GSE84529_Paired_comparison_of_three_sections_Cuffdiff.xlsx-sheet-Comparison_30-35_mm_vs_15-20_mm;conservative;0.997352;NA;NA
GSE84786;GSE84786_isoform_exp.xlsx-sheet-Fold change;conservative;1.000000;NA;NA
GSE84786;GSE84786_isoform_exp.xlsx-sheet-isoform_exp;conservative;1.000000;NA;NA
GSE84798;GSE84798_gene_exp.diff.gz;conservative;0.955823;NA;NA
GSE85308;GSE85308_gene_exp.diff.gz;conservative;0.999840;NA;NA
GSE85308;GSE85308_processed_data.txt.gz;conservative;0.999840;NA;NA
GSE85321;GSE85321_Supplemental_Table_6_JHD2_OE_YAD_.xls.gz-sheet-OE_EV_YAD_Diff analysis;conservative;0.999196;NA;NA
GSE85402;GSE85402_gene_exp.diff.gz;conservative;0.986517;NA;NA
GSE85416;GSE85416_isoform_exp.diff.gz;conservative;0.975115;NA;NA
GSE85442;GSE85442_cuffdiff.gene_exp_diff.allg.txt.gz;conservative;0.987108;NA;NA
GSE85442;GSE85442_cuffdiff.isoform_exp.diff.txt.gz;conservative;0.990800;NA;NA
GSE85442;GSE85442_cuffdiff.tss_group_exp.diff.txt.gz;conservative;0.988020;NA;NA
GSE85576;GSE85576_Supplementary_Table_1.xlsx-sheet-MagohMos2_vs_Control;conservative;0.999983;NA;NA
GSE85863;GSE85863_Galaxy238-_Cuffdiff_on_data_40__data_35__and_others_gene_differential_expression_testing_.txt.gz;conservative;0.983115;NA;NA
GSE86077;GSE86077_glp-1_EVvs28_D4.diff.gz;conservative;0.999711;NA;NA
GSE86077;GSE86077_N2_EVvs28_D4.diff.gz;conservative;0.997841;NA;NA
GSE86159;GSE86159_significance_calls_genes_overexpression.txt.gz;conservative;0.996469;NA;NA
GSE86159;GSE86159_significance_calls_genes_tam_timecourse.txt.gz;conservative;0.985943;NA;NA
GSE86187;GSE86187_p0wt-ko-gene_exp.diff.gz;bimodal;0.863393;NA;NA
GSE86202;GSE86202_Gene_differential_expression.xlsx;conservative;0.999978;NA;NA
GSE86248;GSE86248_shControl-vs-shPaf1-gene_exp.diff.gz;bimodal;0.897305;NA;NA
GSE86248;GSE86248_shControl-vs-shPhf5a-gene_exp_1_.diff.gz;bimodal;0.877528;NA;NA
GSE86323;GSE86323_gene_exp.diff.txt.gz;conservative;0.999995;NA;NA
GSE86442;GSE86442_gene_differential_expression.txt.gz;conservative;0.997750;NA;NA
GSE86837;GSE86837_gene_exp.diff.gz;conservative;0.996646;NA;NA
GSE87168;GSE87168_Watson_et_al_TOXSCI-16-0457_Diff_Gen_Exp.csv.gz;conservative;0.998649;NA;NA
GSE87240;GSE87240_gene_expnorliver.diff.gz;conservative;0.986982;NA;NA
GSE87240;GSE87240_gene_expsk.diff.gz;conservative;0.984709;NA;NA
GSE87240;GSE87240_hep_gene_exphep.diff.gz;conservative;0.979250;NA;NA
GSE87315;GSE87315_CuffDiff_RNA-seq.csv.gz;bimodal;0.949347;NA;NA
GSE87532;GSE87532_gene_exp.diff.name.txt.gz;bimodal;0.927744;NA;NA
GSE87626;GSE87626_nc_vs_19_gene_exp.diff.gz;conservative;0.999878;NA;NA
GSE87635;GSE87635_CNOT3KO-WT.txt.gz;conservative;0.986851;NA;NA
GSE87862;GSE87862_gene_exp.diff.gz;conservative;0.987238;NA;NA
GSE87890;GSE87890_vgat1_csv.csv.gz;conservative;0.999570;NA;NA
GSE87890;GSE87890_vgat2_csv.csv.gz;conservative;0.999415;NA;NA
GSE87890;GSE87890_vglut1_csv.csv.gz;conservative;0.999014;NA;NA
GSE87890;GSE87890_vglut2_csv.csv.gz;conservative;0.999179;NA;NA
GSE87890;GSE87890_vglut3_csv.csv.gz;conservative;0.999415;NA;NA
GSE88700;GSE88700_gene_exp.diff.gz;conservative;0.987985;NA;NA
GSE89168;GSE89168_36hpupalCNS_WT_dStimKD_CuffDiff.txt.gz;conservative;0.999083;NA;NA
GSE89168;GSE89168_72hpupalCNS_WT_dStimKD+Recovery_CuffDiff.txt.gz;conservative;0.999698;NA;NA
GSE89364;GSE89364_mav_RNASeq_exp_deqiangs.xlsx;conservative;0.999942;NA;NA
GSE89572;GSE89572_24h_DEGs.txt.gz;conservative;0.999999;NA;NA
GSE89572;GSE89572_2h_DEGs.txt.gz;conservative;0.999537;NA;NA
GSE89572;GSE89572_7d_DEGs.txt.gz;conservative;0.999157;NA;NA
GSE90876;GSE90876_Cuffdiff_PSM_vs_SM.txt.gz;conservative;0.999939;NA;NA
GSE90876;GSE90876_Cuffdiff_SM_vs_SM_Dev.txt.gz;conservative;0.999793;NA;NA
GSE90974;GSE90974_Cuffdiff_Gene_Rb_24v36.txt.gz;conservative;0.999946;NA;NA
GSE90974;GSE90974_Cuffdiff_Gene_Rb_24v48.txt.gz;conservative;0.999926;NA;NA
GSE90974;GSE90974_Cuffdiff_Gene_Rb_36v48.txt.gz;conservative;0.999822;NA;NA
GSE90974;GSE90974_Cuffdiff_Gene_RbvRv_24.txt.gz;conservative;0.999967;NA;NA
GSE90974;GSE90974_Cuffdiff_Gene_RbvRv_36.txt.gz;conservative;0.999857;NA;NA
GSE90974;GSE90974_Cuffdiff_Gene_RbvRv_48.txt.gz;conservative;0.999939;NA;NA
GSE90974;GSE90974_Cuffdiff_Gene_RbvRv_Global.txt.gz;conservative;0.998452;NA;NA
GSE90974;GSE90974_Cuffdiff_Gene_Rv_24v36.txt.gz;conservative;0.999905;NA;NA
GSE90974;GSE90974_Cuffdiff_Gene_Rv_24v48.txt.gz;conservative;0.999947;NA;NA
GSE90974;GSE90974_Cuffdiff_Gene_Rv_36v48.txt.gz;conservative;0.999867;NA;NA
GSE90974;GSE90974_Cuffdiff_Gene_Sb_24v36.txt.gz;conservative;0.999953;NA;NA
GSE90974;GSE90974_Cuffdiff_Gene_Sb_24v48.txt.gz;conservative;0.999985;NA;NA
GSE90974;GSE90974_Cuffdiff_Gene_Sb_36v48.txt.gz;conservative;0.999985;NA;NA
GSE90974;GSE90974_Cuffdiff_Gene_SbvSv_24.txt.gz;conservative;0.999932;NA;NA
GSE90974;GSE90974_Cuffdiff_Gene_SbvSv_36.txt.gz;conservative;0.999803;NA;NA
GSE90974;GSE90974_Cuffdiff_Gene_SbvSv_48.txt.gz;conservative;0.999806;NA;NA
GSE90974;GSE90974_Cuffdiff_Gene_SbvSv_Global.txt.gz;conservative;0.999601;NA;NA
GSE90974;GSE90974_Cuffdiff_Gene_Sv_24v36.txt.gz;conservative;0.999899;NA;NA
GSE90974;GSE90974_Cuffdiff_Gene_Sv_24v48.txt.gz;conservative;0.999831;NA;NA
GSE90974;GSE90974_Cuffdiff_Gene_Sv_36v48.txt.gz;conservative;0.999946;NA;NA
GSE90974;GSE90974_Cuffdiff_Gene_SvvRv_24.txt.gz;conservative;0.999924;NA;NA
GSE90974;GSE90974_Cuffdiff_Gene_SvvRv_36.txt.gz;conservative;0.999805;NA;NA
GSE90974;GSE90974_Cuffdiff_Gene_SvvRv_48.txt.gz;conservative;0.999860;NA;NA
GSE90974;GSE90974_Cuffdiff_Gene_SvvRv_Global.txt.gz;conservative;0.999557;NA;NA
GSE90974;GSE90974_Cuffdiff_Transcript_Rb_24v36.txt.gz;conservative;0.999996;NA;NA
GSE90974;GSE90974_Cuffdiff_Transcript_Rb_24v48.txt.gz;conservative;0.999998;NA;NA
GSE90974;GSE90974_Cuffdiff_Transcript_Rb_36v48.txt.gz;conservative;0.999994;NA;NA
GSE90974;GSE90974_Cuffdiff_Transcript_RbvRv_24.txt.gz;conservative;0.999998;NA;NA
GSE90974;GSE90974_Cuffdiff_Transcript_RbvRv_36.txt.gz;conservative;0.999989;NA;NA
GSE90974;GSE90974_Cuffdiff_Transcript_RbvRv_48.txt.gz;conservative;0.999998;NA;NA
GSE90974;GSE90974_Cuffdiff_Transcript_RbvRv_Global.txt.gz;conservative;0.999941;NA;NA
GSE90974;GSE90974_Cuffdiff_Transcript_Rv_24v36.txt.gz;conservative;0.999993;NA;NA
GSE90974;GSE90974_Cuffdiff_Transcript_Rv_24v48.txt.gz;conservative;0.999998;NA;NA
GSE90974;GSE90974_Cuffdiff_Transcript_Rv_36v48.txt.gz;conservative;0.999998;NA;NA
GSE90974;GSE90974_Cuffdiff_Transcript_Sb_24v36.txt.gz;conservative;0.999995;NA;NA
GSE90974;GSE90974_Cuffdiff_Transcript_Sb_24v48.txt.gz;conservative;1.000000;NA;NA
GSE90974;GSE90974_Cuffdiff_Transcript_Sb_36v48.txt.gz;conservative;1.000000;NA;NA
GSE90974;GSE90974_Cuffdiff_Transcript_SbvSv_24.txt.gz;conservative;0.999994;NA;NA
GSE90974;GSE90974_Cuffdiff_Transcript_SbvSv_36.txt.gz;conservative;0.999987;NA;NA
GSE90974;GSE90974_Cuffdiff_Transcript_SbvSv_48.txt.gz;conservative;0.999987;NA;NA
GSE90974;GSE90974_Cuffdiff_Transcript_SbvSv_Global.txt.gz;conservative;0.999976;NA;NA
GSE90974;GSE90974_Cuffdiff_Transcript_Sv_24v36.txt.gz;conservative;0.999989;NA;NA
GSE90974;GSE90974_Cuffdiff_Transcript_Sv_24v48.txt.gz;conservative;0.999986;NA;NA
GSE90974;GSE90974_Cuffdiff_Transcript_Sv_36v48.txt.gz;conservative;0.999996;NA;NA
GSE90974;GSE90974_Cuffdiff_Transcript_SvvRv_24.txt.gz;conservative;0.999992;NA;NA
GSE90974;GSE90974_Cuffdiff_Transcript_SvvRv_36.txt.gz;conservative;0.999987;NA;NA
GSE90974;GSE90974_Cuffdiff_Transcript_SvvRv_48.txt.gz;conservative;0.999984;NA;NA
GSE90974;GSE90974_Cuffdiff_Transcript_SvvRv_Global.txt.gz;conservative;0.999972;NA;NA
GSE91075;GSE91075_gene_exp_WT1_KO1.txt.gz;conservative;0.999616;NA;NA
GSE91075;GSE91075_gene_exp_WT2_KO2.txt.gz;conservative;0.999697;NA;NA
GSE92989;GSE92989_Drought_2_days.txt.gz;conservative;0.825549;NA;NA
GSE92989;GSE92989_Drought_3_days.txt.gz;conservative;0.982985;NA;NA
GSE93206;GSE93206_Processed_data_files.xlsx;conservative;1.000000;NA;NA
GSE93280;GSE93280_gene_exp.diff.gz;conservative;0.999991;NA;NA
GSE93280;GSE93280_isoform_exp.diff.gz;conservative;1.000000;NA;NA
GSE93339;GSE93339_e125_Yap-mt_lung_all_genes.txt.gz;conservative;0.989526;NA;NA
GSE93620;GSE93620_gene_exp.diff.gz;conservative;0.999992;NA;NA
GSE93866;GSE93866_IDOE_GENE_EXPRESSION.xlsx;conservative;0.975308;NA;NA
GSE94120;GSE94120_K562pos_rel_abundance_1x1.txt.gz;conservative;0.999996;NA;NA
GSE94120;GSE94120_SKNSHpos_rel_abundance_1x1.txt.gz;conservative;0.999984;NA;NA
GSE94120;GSE94120_U2OSpos_rel_abundance_1x1.txt.gz;conservative;0.999971;NA;NA
GSE94783;GSE94783_rnaseq_process_cuffdiff_global_DMSO_Flut_genes_diff.tsv.gz;conservative;1.000000;NA;NA
GSE94783;GSE94783_rnaseq_process_cuffdiff_global_DMSO_Flut_PPC_genes_diff.tsv.gz;conservative;0.996135;NA;NA
GSE94783;GSE94783_rnaseq_process_cuffdiff_global_DMSO_PPC_genes_diff.tsv.gz;conservative;1.000000;NA;NA
GSE94821;GSE94821_cuffdiff_mock_vs_12hpi.txt.gz;conservative;0.999998;NA;NA
GSE94821;GSE94821_cuffdiff_mock_vs_16hpi.txt.gz;conservative;0.998012;NA;NA
GSE94821;GSE94821_cuffdiff_mock_vs_20hpi.txt.gz;conservative;0.998373;NA;NA
GSE94821;GSE94821_cuffdiff_mock_vs_4hpi.txt.gz;conservative;1.000000;NA;NA
GSE94821;GSE94821_cuffdiff_mock_vs_8hpi.txt.gz;conservative;0.999999;NA;NA
GSE94843;GSE94843_cuffdiff_mock_vs_lox.txt.gz;conservative;0.959385;NA;NA
GSE94843;GSE94843_cuffdiff_mock_vs_mnv.txt.gz;conservative;0.980777;NA;NA
GSE94967;GSE94967_cds_exp.diff_A_B_CDS.diff.gz;conservative;0.999731;NA;NA
GSE94967;GSE94967_gene_exp.diff_A_B_GENE.diff.gz;conservative;0.999566;NA;NA
GSE94967;GSE94967_isoform_exp.diff_A_B_ISOFORM.diff.gz;conservative;0.999840;NA;NA
GSE94967;GSE94967_tss_group_exp.diff_A_B_TSS.diff.gz;conservative;0.999713;NA;NA
GSE95234;GSE95234_IPInputFPKM.xlsx;conservative;0.966896;NA;NA
GSE95481;GSE95481_GCN5_RNAi_vs_WT_root_tip_gene_exp.diff.gz;conservative;0.975272;NA;NA
GSE95481;GSE95481_GCN5_RNAi_vs_WT_whole_root_gene_exp.diff.gz;conservative;0.977586;NA;NA
GSE95679;GSE95679_Mishima_2017_Dcp2.txt.gz;conservative;0.961380;NA;NA
GSE97129;GSE97129_CG9879_vs_WT_CuffDiff_Output_BDGP5.txt.gz;conservative;0.999260;NA;NA
GSE97256;GSE97256_Y1differentialGenes.tab.gz;conservative;0.998119;NA;NA
GSE98541;GSE98541_RPE1_diff_expression_WT_SAFA.xlsx;conservative;0.999329;NA;NA
GSE98650;GSE98650_mb1_hdac3_cuffdiff_out.txt.gz;conservative;0.989972;NA;NA
GSE98739;GSE98739_Q111SST_vs_Q111DOP_DEGs_with_fpkm.diff.gz;bimodal;0.921840;NA;NA
GSE98739;GSE98739_Q7SST_vs_Q111DOP_DEGs_with_fpkm.diff.gz;bimodal;0.804335;NA;NA
GSE98739;GSE98739_Q7SST_vs_Q111SST_DEGs_with_fpkm.diff.gz;bimodal;0.816307;NA;NA
GSE98875;GSE98875_Diff.summary.xlsx-sheet-all_genes;conservative;0.998849;NA;NA
GSE99397;GSE99397_CreNeg-MHCPos_vs_Control.CuffDiff.gene_exp.diff.gz;conservative;0.995657;NA;NA
GSE99397;GSE99397_CreNeg-MHCPos_vs_CrePos-MHCNeg.CuffDiff.gene_exp.diff.gz;conservative;0.999999;NA;NA
GSE99397;GSE99397_CrePos-MHCNeg_vs_Control.CuffDiff.gene_exp.diff.gz;conservative;0.991213;NA;NA
GSE33141;GSE33141_TopHatTranscriptsFPKM.xls.gz-sheet-mRNA-Transcripts-FPKM;anti-conservative;0.972819;NA;NA
GSE33141;GSE33141_TopHatTranscriptsFPKM.xls.gz-sheet-Pseudogenes-FPKM;anti-conservative;0.979054;NA;NA
GSE39605;GSE39605_All_KOvsWT_filtered_final.xlsx.gz-sheet-All_KOvsWT_filtered;conservative;0.999960;other;0.999914
GSE43614;GSE43614_diff_out.txt.gz;other;0.999853;NA;NA
GSE49587;GSE49587_L2_L3P1_2_DEUtable.txt.gz;other;0.855743;NA;NA
GSE49587;GSE49587_L312hr_L3P1_2_DEUtable.txt.gz;other;0.840566;NA;NA
GSE52551;GSE52551_delta_Rv3263_expr.txt.gz;other;0.999839;NA;NA
GSE55682;GSE55682_16h.xls.gz;other;0.997890;NA;NA
GSE55682;GSE55682_20h.xls.gz;other;0.998916;NA;NA
GSE55682;GSE55682_24h.xls.gz;other;0.998263;NA;NA
GSE55682;GSE55682_48h.xls.gz;other;0.998437;NA;NA
GSE55682;GSE55682_Baf250a6days.csv.gz;anti-conservative;0.998196;NA;NA
GSE56966;GSE56966_IL6Ra_WT.xlsx.gz-sheet-gene_exp;other;0.998451;NA;NA
GSE56966;GSE56966_MyD88_WT.xlsx.gz-sheet-gene_exp;other;0.999471;NA;NA
GSE58053;GSE58053_1mm-over-0mm.txt.gz;bimodal;0.995279;NA;NA
GSE63750;GSE63750_chemlow-batch-result-using-R-DeSeq.csv.gz;other;0.996356;other;0.991698
GSE63884;GSE63884_gene_exp.diff_cenpk_imx372_aerobic.txt.gz;uniform;0.999872;NA;NA
GSE67437;GSE67437_KO-ILC2-mLN_021815_vs_WT-ILC2-mLN_021815.txt.gz;conservative;0.999945;NA;NA
GSE71916;GSE71916_Expression_Cufflinks_siRbfox1_3+Flag-Rbfox1_C_compared_to_siRbfox1_3+EGFP.txt.gz;other;0.999220;NA;NA
GSE71916;GSE71916_Expression_Cufflinks_siRbfox1_3+Flag-Rbfox1_N_compared_to_siRbfox1_3+EGFP.txt.gz;other;0.999999;NA;NA
GSE74929;GSE74929_ANOVA_gene_rpkm.txt.gz;other;0.999999;NA;NA
GSE86211;GSE86211_CmrA_transcriptome_Expression_of_all_genes.xlsx-sheet-PA14vsPJ01dT;other;0.999583;NA;NA
GSE95006;GSE95006_RNA-seq_Summary.xls.gz-sheet-Trip_delta_vs_J;other;0.997831;NA;NA
GSE95850;GSE95850_RUCA-I_WT_vs_miR-203_KO_gene_expression.csv.gz;other;0.998100;NA;NA
GSE96814;GSE96814_Deseq_TotRNA.xlsx-sheet-Feuil1;other;0.999395;other;0.998575
GSE96814;GSE96814_Deseq2_MS2RsaA.xlsx-sheet-Feuil1;other;0.999783;other;0.999340
GSE97525;GSE97525_Dm_AKHR_F2_RNA-seq.xlsx-sheet-PM vs WT;other;1.000000;other;0.999990
GSE97525;GSE97525_Dm_AKHR_F2_RNA-seq.xlsx-sheet-PP vs PM;other;1.000000;uniform;0.999992
GSE97525;GSE97525_Dm_AKHR_F2_RNA-seq.xlsx-sheet-PP vs WT;other;1.000000;uniform;0.999929
GSE98526;GSE98526_A2_vs_UA159T5.txt.gz;other;0.999808;NA;NA
GSE52153;GSE52153_wtDMSOvsczt-1DMSO.txt.gz;bimodal;0.922137;NA;NA
GSE52153;GSE52153_wtDMSOvswtSTS.txt.gz;anti-conservative;0.713697;NA;NA
GSE53040;GSE53040_wtDMSOvswtD1.txt.gz;bimodal;0.930186;NA;NA
GSE53040;GSE53040_wtDMSOvswtTX87.txt.gz;conservative;0.935159;NA;NA
GSE53040;GSE53040_wtDMSOvswtXP13.txt.gz;anti-conservative;0.693868;NA;NA
GSE56058;GSE56058_differentialExpressionGenes_RD19.txt.gz;other;0.995802;NA;NA
GSE56132;GSE56132_Pm_Si_expression.txt.gz;spiky;0.668224;NA;NA
GSE59571;GSE59571_S13113_genesdiff.xlsx;anti-conservative;0.695081;NA;NA
GSE74148;GSE74148_RNA-seq0415.xlsx;conservative;0.945356;NA;NA
GSE75833;GSE75833_DESeq-processed_FB.control_vs_BR.txt.gz;anti-conservative;0.596478;anti-conservative;0.142250
GSE78824;GSE78824_Cuffdiff_transcript_differential_expression_testing.tab.gz;anti-conservative;0.777679;NA;NA
GSE80135;GSE80135_Lipo_siProx_sig_results.csv.gz;spiky;0.977512;anti-conservative;0.733512
GSE85627;GSE85627_mDUX-mESC.xlsx.gz-sheet-Transient;spiky;0.999788;other;0.999702
GSE85950;GSE85950_EHEC_plusminus_Symbioflor.xlsx;spiky;0.999961;NA;NA
GSE89110;GSE89110_RNAseq_shPFKB4_p53_logFC.txt.gz;bimodal;0.763851;NA;NA
GSE89110;GSE89110_RNAseq_shPFKB4_p53_logFC.txt.gz;bimodal;0.837792;NA;NA
GSE89110;GSE89110_RNAseq_shPFKB4_p53_logFC.txt.gz;bimodal;0.929639;NA;NA
GSE93206;GSE93206_Processed_data_files.xlsx;spiky;0.986960;NA;NA
GSE98869;GSE98869_diffexp.tsv.gz;spiky;0.781561;other;0.999366
GSE85554;GSE85554_deg_and_counts_table_new_read_counts.txt.gz;spiky;0.871818;anti-conservative;0.893159